-- MySQL dump 10.13  Distrib 8.0.40, for Win64 (x86_64)
--
-- Host: localhost    Database: limousine_booking
-- ------------------------------------------------------
-- Server version	8.0.40

/*!40101 SET @OLD_CHARACTER_SET_CLIENT=@@CHARACTER_SET_CLIENT */;
/*!40101 SET @OLD_CHARACTER_SET_RESULTS=@@CHARACTER_SET_RESULTS */;
/*!40101 SET @OLD_COLLATION_CONNECTION=@@COLLATION_CONNECTION */;
/*!50503 SET NAMES utf8 */;
/*!40103 SET @OLD_TIME_ZONE=@@TIME_ZONE */;
/*!40103 SET TIME_ZONE='+00:00' */;
/*!40014 SET @OLD_UNIQUE_CHECKS=@@UNIQUE_CHECKS, UNIQUE_CHECKS=0 */;
/*!40014 SET @OLD_FOREIGN_KEY_CHECKS=@@FOREIGN_KEY_CHECKS, FOREIGN_KEY_CHECKS=0 */;
/*!40101 SET @OLD_SQL_MODE=@@SQL_MODE, SQL_MODE='NO_AUTO_VALUE_ON_ZERO' */;
/*!40111 SET @OLD_SQL_NOTES=@@SQL_NOTES, SQL_NOTES=0 */;

--
-- Table structure for table `booking`
--

DROP TABLE IF EXISTS `booking`;
/*!40101 SET @saved_cs_client     = @@character_set_client */;
/*!50503 SET character_set_client = utf8mb4 */;
CREATE TABLE `booking` (
  `id` int NOT NULL AUTO_INCREMENT,
  `ticket_number` varchar(8) NOT NULL,
  `status` enum('PENDING','CONFIRMED','COMPLETED','CANCELLED') NOT NULL DEFAULT 'PENDING',
  `booking_time` datetime NOT NULL,
  `note` varchar(255) DEFAULT NULL,
  `seat_id` int NOT NULL,
  `profile_id` int NOT NULL,
  `sub_origin_id` int NOT NULL,
  `sub_destination_id` int NOT NULL,
  `created_at` datetime NOT NULL,
  `updated_at` datetime NOT NULL,
  PRIMARY KEY (`id`),
  UNIQUE KEY `ticket_number` (`ticket_number`),
  UNIQUE KEY `ticket_number_2` (`ticket_number`),
  UNIQUE KEY `ticket_number_3` (`ticket_number`),
  UNIQUE KEY `ticket_number_4` (`ticket_number`),
  UNIQUE KEY `ticket_number_5` (`ticket_number`),
  UNIQUE KEY `ticket_number_6` (`ticket_number`),
  KEY `seat_id` (`seat_id`),
  KEY `profile_id` (`profile_id`),
  KEY `sub_origin_id` (`sub_origin_id`),
  KEY `sub_destination_id` (`sub_destination_id`),
  CONSTRAINT `booking_ibfk_21` FOREIGN KEY (`seat_id`) REFERENCES `seat` (`id`) ON UPDATE CASCADE,
  CONSTRAINT `booking_ibfk_22` FOREIGN KEY (`profile_id`) REFERENCES `profile` (`id`) ON DELETE CASCADE ON UPDATE CASCADE,
  CONSTRAINT `booking_ibfk_23` FOREIGN KEY (`sub_origin_id`) REFERENCES `sub_location` (`id`) ON UPDATE CASCADE,
  CONSTRAINT `booking_ibfk_24` FOREIGN KEY (`sub_destination_id`) REFERENCES `sub_location` (`id`) ON UPDATE CASCADE
) ENGINE=InnoDB DEFAULT CHARSET=utf8mb4 COLLATE=utf8mb4_0900_ai_ci;
/*!40101 SET character_set_client = @saved_cs_client */;

--
-- Dumping data for table `booking`
--

LOCK TABLES `booking` WRITE;
/*!40000 ALTER TABLE `booking` DISABLE KEYS */;
/*!40000 ALTER TABLE `booking` ENABLE KEYS */;
UNLOCK TABLES;

--
-- Table structure for table `location`
--

DROP TABLE IF EXISTS `location`;
/*!40101 SET @saved_cs_client     = @@character_set_client */;
/*!50503 SET character_set_client = utf8mb4 */;
CREATE TABLE `location` (
  `id` int NOT NULL AUTO_INCREMENT,
  `name` varchar(255) NOT NULL,
  `code` varchar(20) NOT NULL,
  `created_at` datetime NOT NULL,
  `updated_at` datetime NOT NULL,
  PRIMARY KEY (`id`),
  UNIQUE KEY `code` (`code`),
  UNIQUE KEY `code_2` (`code`),
  UNIQUE KEY `code_3` (`code`),
  UNIQUE KEY `code_4` (`code`),
  UNIQUE KEY `code_5` (`code`),
  UNIQUE KEY `code_6` (`code`)
) ENGINE=InnoDB AUTO_INCREMENT=6 DEFAULT CHARSET=utf8mb4 COLLATE=utf8mb4_0900_ai_ci;
/*!40101 SET character_set_client = @saved_cs_client */;

--
-- Dumping data for table `location`
--

LOCK TABLES `location` WRITE;
/*!40000 ALTER TABLE `location` DISABLE KEYS */;
INSERT INTO `location` VALUES (1,'Hà Nội','HN','2025-04-10 08:19:23','2025-04-10 08:19:23'),(2,'Hải Phòng','HP','2025-04-10 08:19:35','2025-04-10 08:19:35'),(3,'Nghệ An','NA','2025-04-10 08:19:43','2025-04-10 08:19:43'),(4,'Đà Nẵng','DA','2025-04-10 08:19:54','2025-04-10 08:19:54'),(5,'TP. Hồ Chí Minh','TPHCM','2025-04-10 08:20:20','2025-04-10 08:20:20');
/*!40000 ALTER TABLE `location` ENABLE KEYS */;
UNLOCK TABLES;

--
-- Table structure for table `profile`
--

DROP TABLE IF EXISTS `profile`;
/*!40101 SET @saved_cs_client     = @@character_set_client */;
/*!50503 SET character_set_client = utf8mb4 */;
CREATE TABLE `profile` (
  `id` int NOT NULL AUTO_INCREMENT,
  `full_name` varchar(255) NOT NULL,
  `phone_number` varchar(255) NOT NULL,
  `email` varchar(255) NOT NULL,
  `created_at` datetime NOT NULL,
  `updated_at` datetime NOT NULL,
  PRIMARY KEY (`id`)
) ENGINE=InnoDB AUTO_INCREMENT=3 DEFAULT CHARSET=utf8mb4 COLLATE=utf8mb4_0900_ai_ci;
/*!40101 SET character_set_client = @saved_cs_client */;

--
-- Dumping data for table `profile`
--

LOCK TABLES `profile` WRITE;
/*!40000 ALTER TABLE `profile` DISABLE KEYS */;
INSERT INTO `profile` VALUES (1,'Nguyễn Chí Huy','0335212099','admin@gmail.com','2025-04-10 08:17:32','2025-04-10 08:17:32'),(2,'Nguyễn Văn A','0987654321','anguyen@gmail.com','2025-04-10 08:18:26','2025-04-10 08:18:26');
/*!40000 ALTER TABLE `profile` ENABLE KEYS */;
UNLOCK TABLES;

--
-- Table structure for table `seat`
--

DROP TABLE IF EXISTS `seat`;
/*!40101 SET @saved_cs_client     = @@character_set_client */;
/*!50503 SET character_set_client = utf8mb4 */;
CREATE TABLE `seat` (
  `id` int NOT NULL AUTO_INCREMENT,
  `seat_number` varchar(255) NOT NULL,
  `trip_id` int NOT NULL,
  `created_at` datetime NOT NULL,
  `updated_at` datetime NOT NULL,
  PRIMARY KEY (`id`),
  KEY `trip_id` (`trip_id`),
  CONSTRAINT `seat_ibfk_1` FOREIGN KEY (`trip_id`) REFERENCES `trip` (`id`) ON UPDATE CASCADE
) ENGINE=InnoDB DEFAULT CHARSET=utf8mb4 COLLATE=utf8mb4_0900_ai_ci;
/*!40101 SET character_set_client = @saved_cs_client */;

--
-- Dumping data for table `seat`
--

LOCK TABLES `seat` WRITE;
/*!40000 ALTER TABLE `seat` DISABLE KEYS */;
/*!40000 ALTER TABLE `seat` ENABLE KEYS */;
UNLOCK TABLES;

--
-- Table structure for table `sub_location`
--

DROP TABLE IF EXISTS `sub_location`;
/*!40101 SET @saved_cs_client     = @@character_set_client */;
/*!50503 SET character_set_client = utf8mb4 */;
CREATE TABLE `sub_location` (
  `id` int NOT NULL AUTO_INCREMENT,
  `name` varchar(255) NOT NULL,
  `location_id` int NOT NULL,
  `duration_from_location` int NOT NULL,
  `address` varchar(255) DEFAULT NULL,
  `created_at` datetime NOT NULL,
  `updated_at` datetime NOT NULL,
  PRIMARY KEY (`id`),
  KEY `location_id` (`location_id`),
  CONSTRAINT `sub_location_ibfk_1` FOREIGN KEY (`location_id`) REFERENCES `location` (`id`) ON DELETE CASCADE ON UPDATE CASCADE
) ENGINE=InnoDB AUTO_INCREMENT=8 DEFAULT CHARSET=utf8mb4 COLLATE=utf8mb4_0900_ai_ci;
/*!40101 SET character_set_client = @saved_cs_client */;

--
-- Dumping data for table `sub_location`
--

LOCK TABLES `sub_location` WRITE;
/*!40000 ALTER TABLE `sub_location` DISABLE KEYS */;
INSERT INTO `sub_location` VALUES (1,'Bến xe Mỹ Đình',1,32,'Mỹ Đình, Nam Từ Liêm, Hà Nội','2025-04-10 08:23:20','2025-04-10 08:23:20'),(2,'Bến xe Nước Ngầm',1,0,'Hoàng Liệt, Hoàng Mai, Hà Nội','2025-04-10 08:25:16','2025-04-10 08:25:16'),(3,'Bến xe Bắc Vinh',3,0,'Nghi Kim, Vinh, Nghệ An','2025-04-10 08:25:58','2025-04-10 08:25:58'),(4,'Bến xe Vĩnh Niệm',2,0,'Vĩnh Niệm, Lê Chân, Hải Phòng','2025-04-10 08:28:12','2025-04-10 08:28:12'),(5,'Bến xe trung tâm Đà Nẵng',4,0,'Hoà Minh, Liên Chiểu, Đà Nẵng','2025-04-10 08:29:07','2025-04-10 08:29:07'),(6,'Bến xe Miền Đông',5,0,'Phường 26, Bình Thạnh, Hồ Chí Minh','2025-04-10 08:30:50','2025-04-10 08:30:50'),(7,'Bến xe Miền Tây',5,80,'An Lạc, Bình Tân, Hồ Chí Minh','2025-04-10 08:32:57','2025-04-10 08:32:57');
/*!40000 ALTER TABLE `sub_location` ENABLE KEYS */;
UNLOCK TABLES;

--
-- Table structure for table `trip`
--

DROP TABLE IF EXISTS `trip`;
/*!40101 SET @saved_cs_client     = @@character_set_client */;
/*!50503 SET character_set_client = utf8mb4 */;
CREATE TABLE `trip` (
  `id` int NOT NULL AUTO_INCREMENT,
  `departure_time` datetime NOT NULL,
  `arrival_time` datetime NOT NULL,
  `type` enum('STANDARD','VIP') NOT NULL,
  `price` decimal(10,2) NOT NULL,
  `status` enum('SCHEDULED','ONGOING','COMPLETED','CANCELLED') NOT NULL DEFAULT 'SCHEDULED',
  `vehicle_id` int NOT NULL,
  `origin_location_id` int NOT NULL,
  `destination_location_id` int NOT NULL,
  `created_at` datetime NOT NULL,
  `updated_at` datetime NOT NULL,
  PRIMARY KEY (`id`),
  KEY `vehicle_id` (`vehicle_id`),
  KEY `origin_location_id` (`origin_location_id`),
  KEY `destination_location_id` (`destination_location_id`),
  CONSTRAINT `trip_ibfk_16` FOREIGN KEY (`vehicle_id`) REFERENCES `vehicle` (`id`) ON DELETE CASCADE ON UPDATE CASCADE,
  CONSTRAINT `trip_ibfk_17` FOREIGN KEY (`origin_location_id`) REFERENCES `location` (`id`) ON UPDATE CASCADE,
  CONSTRAINT `trip_ibfk_18` FOREIGN KEY (`destination_location_id`) REFERENCES `location` (`id`) ON UPDATE CASCADE
) ENGINE=InnoDB AUTO_INCREMENT=661 DEFAULT CHARSET=utf8mb4 COLLATE=utf8mb4_0900_ai_ci;
/*!40101 SET character_set_client = @saved_cs_client */;

--
-- Dumping data for table `trip`
--

LOCK TABLES `trip` WRITE;
/*!40000 ALTER TABLE `trip` DISABLE KEYS */;
INSERT INTO `trip` VALUES (41,'2025-04-11 08:00:00','2025-04-12 21:00:00','STANDARD',600000.00,'SCHEDULED',11,1,5,'2025-04-10 18:53:57','2025-04-10 18:53:57'),(42,'2025-04-12 08:00:00','2025-04-13 21:00:00','STANDARD',600000.00,'SCHEDULED',11,1,5,'2025-04-10 18:53:57','2025-04-10 18:53:57'),(43,'2025-04-13 08:00:00','2025-04-14 21:00:00','STANDARD',600000.00,'SCHEDULED',11,1,5,'2025-04-10 18:53:57','2025-04-10 18:53:57'),(44,'2025-04-14 08:00:00','2025-04-15 21:00:00','STANDARD',600000.00,'SCHEDULED',11,1,5,'2025-04-10 18:53:57','2025-04-10 18:53:57'),(45,'2025-04-15 08:00:00','2025-04-16 21:00:00','STANDARD',600000.00,'SCHEDULED',11,1,5,'2025-04-10 18:53:57','2025-04-10 18:53:57'),(46,'2025-04-16 08:00:00','2025-04-17 21:00:00','STANDARD',600000.00,'SCHEDULED',11,1,5,'2025-04-10 18:53:57','2025-04-10 18:53:57'),(47,'2025-04-17 08:00:00','2025-04-18 21:00:00','STANDARD',600000.00,'SCHEDULED',11,1,5,'2025-04-10 18:53:57','2025-04-10 18:53:57'),(48,'2025-04-18 08:00:00','2025-04-19 21:00:00','STANDARD',600000.00,'SCHEDULED',11,1,5,'2025-04-10 18:53:57','2025-04-10 18:53:57'),(49,'2025-04-19 08:00:00','2025-04-20 21:00:00','STANDARD',600000.00,'SCHEDULED',11,1,5,'2025-04-10 18:53:57','2025-04-10 18:53:57'),(50,'2025-04-20 08:00:00','2025-04-21 21:00:00','STANDARD',600000.00,'SCHEDULED',11,1,5,'2025-04-10 18:53:57','2025-04-10 18:53:57'),(51,'2025-04-21 08:00:00','2025-04-22 21:00:00','STANDARD',600000.00,'SCHEDULED',11,1,5,'2025-04-10 18:53:57','2025-04-10 18:53:57'),(52,'2025-04-22 08:00:00','2025-04-23 21:00:00','STANDARD',600000.00,'SCHEDULED',11,1,5,'2025-04-10 18:53:57','2025-04-10 18:53:57'),(53,'2025-04-23 08:00:00','2025-04-24 21:00:00','STANDARD',600000.00,'SCHEDULED',11,1,5,'2025-04-10 18:53:57','2025-04-10 18:53:57'),(54,'2025-04-24 08:00:00','2025-04-25 21:00:00','STANDARD',600000.00,'SCHEDULED',11,1,5,'2025-04-10 18:53:57','2025-04-10 18:53:57'),(55,'2025-04-25 08:00:00','2025-04-26 21:00:00','STANDARD',600000.00,'SCHEDULED',11,1,5,'2025-04-10 18:53:57','2025-04-10 18:53:57'),(56,'2025-04-26 08:00:00','2025-04-27 21:00:00','STANDARD',600000.00,'SCHEDULED',11,1,5,'2025-04-10 18:53:57','2025-04-10 18:53:57'),(57,'2025-04-27 08:00:00','2025-04-28 21:00:00','STANDARD',600000.00,'SCHEDULED',11,1,5,'2025-04-10 18:53:57','2025-04-10 18:53:57'),(58,'2025-04-28 08:00:00','2025-04-29 21:00:00','STANDARD',600000.00,'SCHEDULED',11,1,5,'2025-04-10 18:53:57','2025-04-10 18:53:57'),(59,'2025-04-29 08:00:00','2025-04-30 21:00:00','STANDARD',600000.00,'SCHEDULED',11,1,5,'2025-04-10 18:53:57','2025-04-10 18:53:57'),(60,'2025-04-30 08:00:00','2025-05-01 21:00:00','STANDARD',600000.00,'SCHEDULED',11,1,5,'2025-04-10 18:53:57','2025-04-10 18:53:57'),(61,'2025-05-01 08:00:00','2025-05-02 21:00:00','STANDARD',600000.00,'SCHEDULED',11,1,5,'2025-04-10 18:53:57','2025-04-10 18:53:57'),(62,'2025-05-02 08:00:00','2025-05-03 21:00:00','STANDARD',600000.00,'SCHEDULED',11,1,5,'2025-04-10 18:53:57','2025-04-10 18:53:57'),(63,'2025-05-03 08:00:00','2025-05-04 21:00:00','STANDARD',600000.00,'SCHEDULED',11,1,5,'2025-04-10 18:53:57','2025-04-10 18:53:57'),(64,'2025-05-04 08:00:00','2025-05-05 21:00:00','STANDARD',600000.00,'SCHEDULED',11,1,5,'2025-04-10 18:53:57','2025-04-10 18:53:57'),(65,'2025-05-05 08:00:00','2025-05-06 21:00:00','STANDARD',600000.00,'SCHEDULED',11,1,5,'2025-04-10 18:53:57','2025-04-10 18:53:57'),(66,'2025-05-06 08:00:00','2025-05-07 21:00:00','STANDARD',600000.00,'SCHEDULED',11,1,5,'2025-04-10 18:53:57','2025-04-10 18:53:57'),(67,'2025-05-07 08:00:00','2025-05-08 21:00:00','STANDARD',600000.00,'SCHEDULED',11,1,5,'2025-04-10 18:53:57','2025-04-10 18:53:57'),(68,'2025-05-08 08:00:00','2025-05-09 21:00:00','STANDARD',600000.00,'SCHEDULED',11,1,5,'2025-04-10 18:53:57','2025-04-10 18:53:57'),(69,'2025-05-09 08:00:00','2025-05-10 21:00:00','STANDARD',600000.00,'SCHEDULED',11,1,5,'2025-04-10 18:53:57','2025-04-10 18:53:57'),(70,'2025-05-10 08:00:00','2025-05-11 21:00:00','STANDARD',600000.00,'SCHEDULED',11,1,5,'2025-04-10 18:53:57','2025-04-10 18:53:57'),(72,'2025-04-11 08:00:00','2025-04-12 21:00:00','VIP',900000.00,'SCHEDULED',14,1,5,'2025-04-10 18:53:57','2025-04-10 18:53:57'),(73,'2025-04-12 08:00:00','2025-04-13 21:00:00','VIP',900000.00,'SCHEDULED',14,1,5,'2025-04-10 18:53:57','2025-04-10 18:53:57'),(74,'2025-04-13 08:00:00','2025-04-14 21:00:00','VIP',900000.00,'SCHEDULED',14,1,5,'2025-04-10 18:53:57','2025-04-10 18:53:57'),(75,'2025-04-14 08:00:00','2025-04-15 21:00:00','VIP',900000.00,'SCHEDULED',14,1,5,'2025-04-10 18:53:57','2025-04-10 18:53:57'),(76,'2025-04-15 08:00:00','2025-04-16 21:00:00','VIP',900000.00,'SCHEDULED',14,1,5,'2025-04-10 18:53:57','2025-04-10 18:53:57'),(77,'2025-04-16 08:00:00','2025-04-17 21:00:00','VIP',900000.00,'SCHEDULED',14,1,5,'2025-04-10 18:53:57','2025-04-10 18:53:57'),(78,'2025-04-17 08:00:00','2025-04-18 21:00:00','VIP',900000.00,'SCHEDULED',14,1,5,'2025-04-10 18:53:57','2025-04-10 18:53:57'),(79,'2025-04-18 08:00:00','2025-04-19 21:00:00','VIP',900000.00,'SCHEDULED',14,1,5,'2025-04-10 18:53:57','2025-04-10 18:53:57'),(80,'2025-04-19 08:00:00','2025-04-20 21:00:00','VIP',900000.00,'SCHEDULED',14,1,5,'2025-04-10 18:53:57','2025-04-10 18:53:57'),(81,'2025-04-20 08:00:00','2025-04-21 21:00:00','VIP',900000.00,'SCHEDULED',14,1,5,'2025-04-10 18:53:57','2025-04-10 18:53:57'),(82,'2025-04-21 08:00:00','2025-04-22 21:00:00','VIP',900000.00,'SCHEDULED',14,1,5,'2025-04-10 18:53:57','2025-04-10 18:53:57'),(83,'2025-04-22 08:00:00','2025-04-23 21:00:00','VIP',900000.00,'SCHEDULED',14,1,5,'2025-04-10 18:53:57','2025-04-10 18:53:57'),(84,'2025-04-23 08:00:00','2025-04-24 21:00:00','VIP',900000.00,'SCHEDULED',14,1,5,'2025-04-10 18:53:57','2025-04-10 18:53:57'),(85,'2025-04-24 08:00:00','2025-04-25 21:00:00','VIP',900000.00,'SCHEDULED',14,1,5,'2025-04-10 18:53:57','2025-04-10 18:53:57'),(86,'2025-04-25 08:00:00','2025-04-26 21:00:00','VIP',900000.00,'SCHEDULED',14,1,5,'2025-04-10 18:53:57','2025-04-10 18:53:57'),(87,'2025-04-26 08:00:00','2025-04-27 21:00:00','VIP',900000.00,'SCHEDULED',14,1,5,'2025-04-10 18:53:57','2025-04-10 18:53:57'),(88,'2025-04-27 08:00:00','2025-04-28 21:00:00','VIP',900000.00,'SCHEDULED',14,1,5,'2025-04-10 18:53:57','2025-04-10 18:53:57'),(89,'2025-04-28 08:00:00','2025-04-29 21:00:00','VIP',900000.00,'SCHEDULED',14,1,5,'2025-04-10 18:53:57','2025-04-10 18:53:57'),(90,'2025-04-29 08:00:00','2025-04-30 21:00:00','VIP',900000.00,'SCHEDULED',14,1,5,'2025-04-10 18:53:57','2025-04-10 18:53:57'),(91,'2025-04-30 08:00:00','2025-05-01 21:00:00','VIP',900000.00,'SCHEDULED',14,1,5,'2025-04-10 18:53:57','2025-04-10 18:53:57'),(92,'2025-05-01 08:00:00','2025-05-02 21:00:00','VIP',900000.00,'SCHEDULED',14,1,5,'2025-04-10 18:53:57','2025-04-10 18:53:57'),(93,'2025-05-02 08:00:00','2025-05-03 21:00:00','VIP',900000.00,'SCHEDULED',14,1,5,'2025-04-10 18:53:57','2025-04-10 18:53:57'),(94,'2025-05-03 08:00:00','2025-05-04 21:00:00','VIP',900000.00,'SCHEDULED',14,1,5,'2025-04-10 18:53:57','2025-04-10 18:53:57'),(95,'2025-05-04 08:00:00','2025-05-05 21:00:00','VIP',900000.00,'SCHEDULED',14,1,5,'2025-04-10 18:53:57','2025-04-10 18:53:57'),(96,'2025-05-05 08:00:00','2025-05-06 21:00:00','VIP',900000.00,'SCHEDULED',14,1,5,'2025-04-10 18:53:57','2025-04-10 18:53:57'),(97,'2025-05-06 08:00:00','2025-05-07 21:00:00','VIP',900000.00,'SCHEDULED',14,1,5,'2025-04-10 18:53:57','2025-04-10 18:53:57'),(98,'2025-05-07 08:00:00','2025-05-08 21:00:00','VIP',900000.00,'SCHEDULED',14,1,5,'2025-04-10 18:53:57','2025-04-10 18:53:57'),(99,'2025-05-08 08:00:00','2025-05-09 21:00:00','VIP',900000.00,'SCHEDULED',14,1,5,'2025-04-10 18:53:57','2025-04-10 18:53:57'),(100,'2025-05-09 08:00:00','2025-05-10 21:00:00','VIP',900000.00,'SCHEDULED',14,1,5,'2025-04-10 18:53:57','2025-04-10 18:53:57'),(101,'2025-05-10 08:00:00','2025-05-11 21:00:00','VIP',900000.00,'SCHEDULED',14,1,5,'2025-04-10 18:53:57','2025-04-10 18:53:57'),(103,'2025-04-11 10:00:00','2025-04-11 23:00:00','STANDARD',350000.00,'SCHEDULED',17,1,4,'2025-04-10 18:53:57','2025-04-10 18:53:57'),(104,'2025-04-12 10:00:00','2025-04-12 23:00:00','STANDARD',350000.00,'SCHEDULED',17,1,4,'2025-04-10 18:53:57','2025-04-10 18:53:57'),(105,'2025-04-13 10:00:00','2025-04-13 23:00:00','STANDARD',350000.00,'SCHEDULED',17,1,4,'2025-04-10 18:53:57','2025-04-10 18:53:57'),(106,'2025-04-14 10:00:00','2025-04-14 23:00:00','STANDARD',350000.00,'SCHEDULED',17,1,4,'2025-04-10 18:53:57','2025-04-10 18:53:57'),(107,'2025-04-15 10:00:00','2025-04-15 23:00:00','STANDARD',350000.00,'SCHEDULED',17,1,4,'2025-04-10 18:53:57','2025-04-10 18:53:57'),(108,'2025-04-16 10:00:00','2025-04-16 23:00:00','STANDARD',350000.00,'SCHEDULED',17,1,4,'2025-04-10 18:53:57','2025-04-10 18:53:57'),(109,'2025-04-17 10:00:00','2025-04-17 23:00:00','STANDARD',350000.00,'SCHEDULED',17,1,4,'2025-04-10 18:53:57','2025-04-10 18:53:57'),(110,'2025-04-18 10:00:00','2025-04-18 23:00:00','STANDARD',350000.00,'SCHEDULED',17,1,4,'2025-04-10 18:53:57','2025-04-10 18:53:57'),(111,'2025-04-19 10:00:00','2025-04-19 23:00:00','STANDARD',350000.00,'SCHEDULED',17,1,4,'2025-04-10 18:53:57','2025-04-10 18:53:57'),(112,'2025-04-20 10:00:00','2025-04-20 23:00:00','STANDARD',350000.00,'SCHEDULED',17,1,4,'2025-04-10 18:53:57','2025-04-10 18:53:57'),(113,'2025-04-21 10:00:00','2025-04-21 23:00:00','STANDARD',350000.00,'SCHEDULED',17,1,4,'2025-04-10 18:53:57','2025-04-10 18:53:57'),(114,'2025-04-22 10:00:00','2025-04-22 23:00:00','STANDARD',350000.00,'SCHEDULED',17,1,4,'2025-04-10 18:53:57','2025-04-10 18:53:57'),(115,'2025-04-23 10:00:00','2025-04-23 23:00:00','STANDARD',350000.00,'SCHEDULED',17,1,4,'2025-04-10 18:53:57','2025-04-10 18:53:57'),(116,'2025-04-24 10:00:00','2025-04-24 23:00:00','STANDARD',350000.00,'SCHEDULED',17,1,4,'2025-04-10 18:53:57','2025-04-10 18:53:57'),(117,'2025-04-25 10:00:00','2025-04-25 23:00:00','STANDARD',350000.00,'SCHEDULED',17,1,4,'2025-04-10 18:53:57','2025-04-10 18:53:57'),(118,'2025-04-26 10:00:00','2025-04-26 23:00:00','STANDARD',350000.00,'SCHEDULED',17,1,4,'2025-04-10 18:53:57','2025-04-10 18:53:57'),(119,'2025-04-27 10:00:00','2025-04-27 23:00:00','STANDARD',350000.00,'SCHEDULED',17,1,4,'2025-04-10 18:53:57','2025-04-10 18:53:57'),(120,'2025-04-28 10:00:00','2025-04-28 23:00:00','STANDARD',350000.00,'SCHEDULED',17,1,4,'2025-04-10 18:53:57','2025-04-10 18:53:57'),(121,'2025-04-29 10:00:00','2025-04-29 23:00:00','STANDARD',350000.00,'SCHEDULED',17,1,4,'2025-04-10 18:53:57','2025-04-10 18:53:57'),(122,'2025-04-30 10:00:00','2025-04-30 23:00:00','STANDARD',350000.00,'SCHEDULED',17,1,4,'2025-04-10 18:53:57','2025-04-10 18:53:57'),(123,'2025-05-01 10:00:00','2025-05-01 23:00:00','STANDARD',350000.00,'SCHEDULED',17,1,4,'2025-04-10 18:53:57','2025-04-10 18:53:57'),(124,'2025-05-02 10:00:00','2025-05-02 23:00:00','STANDARD',350000.00,'SCHEDULED',17,1,4,'2025-04-10 18:53:57','2025-04-10 18:53:57'),(125,'2025-05-03 10:00:00','2025-05-03 23:00:00','STANDARD',350000.00,'SCHEDULED',17,1,4,'2025-04-10 18:53:57','2025-04-10 18:53:57'),(126,'2025-05-04 10:00:00','2025-05-04 23:00:00','STANDARD',350000.00,'SCHEDULED',17,1,4,'2025-04-10 18:53:57','2025-04-10 18:53:57'),(127,'2025-05-05 10:00:00','2025-05-05 23:00:00','STANDARD',350000.00,'SCHEDULED',17,1,4,'2025-04-10 18:53:57','2025-04-10 18:53:57'),(128,'2025-05-06 10:00:00','2025-05-06 23:00:00','STANDARD',350000.00,'SCHEDULED',17,1,4,'2025-04-10 18:53:57','2025-04-10 18:53:57'),(129,'2025-05-07 10:00:00','2025-05-07 23:00:00','STANDARD',350000.00,'SCHEDULED',17,1,4,'2025-04-10 18:53:57','2025-04-10 18:53:57'),(130,'2025-05-08 10:00:00','2025-05-08 23:00:00','STANDARD',350000.00,'SCHEDULED',17,1,4,'2025-04-10 18:53:57','2025-04-10 18:53:57'),(131,'2025-05-09 10:00:00','2025-05-09 23:00:00','STANDARD',350000.00,'SCHEDULED',17,1,4,'2025-04-10 18:53:57','2025-04-10 18:53:57'),(132,'2025-05-10 10:00:00','2025-05-10 23:00:00','STANDARD',350000.00,'SCHEDULED',17,1,4,'2025-04-10 18:53:57','2025-04-10 18:53:57'),(134,'2025-04-11 10:00:00','2025-04-11 23:00:00','VIP',500000.00,'SCHEDULED',20,1,4,'2025-04-10 18:53:57','2025-04-10 18:53:57'),(135,'2025-04-12 10:00:00','2025-04-12 23:00:00','VIP',500000.00,'SCHEDULED',20,1,4,'2025-04-10 18:53:57','2025-04-10 18:53:57'),(136,'2025-04-13 10:00:00','2025-04-13 23:00:00','VIP',500000.00,'SCHEDULED',20,1,4,'2025-04-10 18:53:57','2025-04-10 18:53:57'),(137,'2025-04-14 10:00:00','2025-04-14 23:00:00','VIP',500000.00,'SCHEDULED',20,1,4,'2025-04-10 18:53:57','2025-04-10 18:53:57'),(138,'2025-04-15 10:00:00','2025-04-15 23:00:00','VIP',500000.00,'SCHEDULED',20,1,4,'2025-04-10 18:53:57','2025-04-10 18:53:57'),(139,'2025-04-16 10:00:00','2025-04-16 23:00:00','VIP',500000.00,'SCHEDULED',20,1,4,'2025-04-10 18:53:57','2025-04-10 18:53:57'),(140,'2025-04-17 10:00:00','2025-04-17 23:00:00','VIP',500000.00,'SCHEDULED',20,1,4,'2025-04-10 18:53:57','2025-04-10 18:53:57'),(141,'2025-04-18 10:00:00','2025-04-18 23:00:00','VIP',500000.00,'SCHEDULED',20,1,4,'2025-04-10 18:53:57','2025-04-10 18:53:57'),(142,'2025-04-19 10:00:00','2025-04-19 23:00:00','VIP',500000.00,'SCHEDULED',20,1,4,'2025-04-10 18:53:57','2025-04-10 18:53:57'),(143,'2025-04-20 10:00:00','2025-04-20 23:00:00','VIP',500000.00,'SCHEDULED',20,1,4,'2025-04-10 18:53:57','2025-04-10 18:53:57'),(144,'2025-04-21 10:00:00','2025-04-21 23:00:00','VIP',500000.00,'SCHEDULED',20,1,4,'2025-04-10 18:53:57','2025-04-10 18:53:57'),(145,'2025-04-22 10:00:00','2025-04-22 23:00:00','VIP',500000.00,'SCHEDULED',20,1,4,'2025-04-10 18:53:57','2025-04-10 18:53:57'),(146,'2025-04-23 10:00:00','2025-04-23 23:00:00','VIP',500000.00,'SCHEDULED',20,1,4,'2025-04-10 18:53:57','2025-04-10 18:53:57'),(147,'2025-04-24 10:00:00','2025-04-24 23:00:00','VIP',500000.00,'SCHEDULED',20,1,4,'2025-04-10 18:53:57','2025-04-10 18:53:57'),(148,'2025-04-25 10:00:00','2025-04-25 23:00:00','VIP',500000.00,'SCHEDULED',20,1,4,'2025-04-10 18:53:57','2025-04-10 18:53:57'),(149,'2025-04-26 10:00:00','2025-04-26 23:00:00','VIP',500000.00,'SCHEDULED',20,1,4,'2025-04-10 18:53:57','2025-04-10 18:53:57'),(150,'2025-04-27 10:00:00','2025-04-27 23:00:00','VIP',500000.00,'SCHEDULED',20,1,4,'2025-04-10 18:53:57','2025-04-10 18:53:57'),(151,'2025-04-28 10:00:00','2025-04-28 23:00:00','VIP',500000.00,'SCHEDULED',20,1,4,'2025-04-10 18:53:57','2025-04-10 18:53:57'),(152,'2025-04-29 10:00:00','2025-04-29 23:00:00','VIP',500000.00,'SCHEDULED',20,1,4,'2025-04-10 18:53:57','2025-04-10 18:53:57'),(153,'2025-04-30 10:00:00','2025-04-30 23:00:00','VIP',500000.00,'SCHEDULED',20,1,4,'2025-04-10 18:53:57','2025-04-10 18:53:57'),(154,'2025-05-01 10:00:00','2025-05-01 23:00:00','VIP',500000.00,'SCHEDULED',20,1,4,'2025-04-10 18:53:57','2025-04-10 18:53:57'),(155,'2025-05-02 10:00:00','2025-05-02 23:00:00','VIP',500000.00,'SCHEDULED',20,1,4,'2025-04-10 18:53:57','2025-04-10 18:53:57'),(156,'2025-05-03 10:00:00','2025-05-03 23:00:00','VIP',500000.00,'SCHEDULED',20,1,4,'2025-04-10 18:53:57','2025-04-10 18:53:57'),(157,'2025-05-04 10:00:00','2025-05-04 23:00:00','VIP',500000.00,'SCHEDULED',20,1,4,'2025-04-10 18:53:57','2025-04-10 18:53:57'),(158,'2025-05-05 10:00:00','2025-05-05 23:00:00','VIP',500000.00,'SCHEDULED',20,1,4,'2025-04-10 18:53:57','2025-04-10 18:53:57'),(159,'2025-05-06 10:00:00','2025-05-06 23:00:00','VIP',500000.00,'SCHEDULED',20,1,4,'2025-04-10 18:53:57','2025-04-10 18:53:57'),(160,'2025-05-07 10:00:00','2025-05-07 23:00:00','VIP',500000.00,'SCHEDULED',20,1,4,'2025-04-10 18:53:57','2025-04-10 18:53:57'),(161,'2025-05-08 10:00:00','2025-05-08 23:00:00','VIP',500000.00,'SCHEDULED',20,1,4,'2025-04-10 18:53:57','2025-04-10 18:53:57'),(162,'2025-05-09 10:00:00','2025-05-09 23:00:00','VIP',500000.00,'SCHEDULED',20,1,4,'2025-04-10 18:53:57','2025-04-10 18:53:57'),(163,'2025-05-10 10:00:00','2025-05-10 23:00:00','VIP',500000.00,'SCHEDULED',20,1,4,'2025-04-10 18:53:57','2025-04-10 18:53:57'),(165,'2025-04-11 06:00:00','2025-04-11 07:30:00','STANDARD',260000.00,'SCHEDULED',22,1,2,'2025-04-10 18:53:57','2025-04-10 18:53:57'),(166,'2025-04-12 06:00:00','2025-04-12 07:30:00','STANDARD',260000.00,'SCHEDULED',22,1,2,'2025-04-10 18:53:57','2025-04-10 18:53:57'),(167,'2025-04-13 06:00:00','2025-04-13 07:30:00','STANDARD',260000.00,'SCHEDULED',22,1,2,'2025-04-10 18:53:57','2025-04-10 18:53:57'),(168,'2025-04-14 06:00:00','2025-04-14 07:30:00','STANDARD',260000.00,'SCHEDULED',22,1,2,'2025-04-10 18:53:57','2025-04-10 18:53:57'),(169,'2025-04-15 06:00:00','2025-04-15 07:30:00','STANDARD',260000.00,'SCHEDULED',22,1,2,'2025-04-10 18:53:57','2025-04-10 18:53:57'),(170,'2025-04-16 06:00:00','2025-04-16 07:30:00','STANDARD',260000.00,'SCHEDULED',22,1,2,'2025-04-10 18:53:57','2025-04-10 18:53:57'),(171,'2025-04-17 06:00:00','2025-04-17 07:30:00','STANDARD',260000.00,'SCHEDULED',22,1,2,'2025-04-10 18:53:57','2025-04-10 18:53:57'),(172,'2025-04-18 06:00:00','2025-04-18 07:30:00','STANDARD',260000.00,'SCHEDULED',22,1,2,'2025-04-10 18:53:57','2025-04-10 18:53:57'),(173,'2025-04-19 06:00:00','2025-04-19 07:30:00','STANDARD',260000.00,'SCHEDULED',22,1,2,'2025-04-10 18:53:57','2025-04-10 18:53:57'),(174,'2025-04-20 06:00:00','2025-04-20 07:30:00','STANDARD',260000.00,'SCHEDULED',22,1,2,'2025-04-10 18:53:57','2025-04-10 18:53:57'),(175,'2025-04-21 06:00:00','2025-04-21 07:30:00','STANDARD',260000.00,'SCHEDULED',22,1,2,'2025-04-10 18:53:57','2025-04-10 18:53:57'),(176,'2025-04-22 06:00:00','2025-04-22 07:30:00','STANDARD',260000.00,'SCHEDULED',22,1,2,'2025-04-10 18:53:57','2025-04-10 18:53:57'),(177,'2025-04-23 06:00:00','2025-04-23 07:30:00','STANDARD',260000.00,'SCHEDULED',22,1,2,'2025-04-10 18:53:57','2025-04-10 18:53:57'),(178,'2025-04-24 06:00:00','2025-04-24 07:30:00','STANDARD',260000.00,'SCHEDULED',22,1,2,'2025-04-10 18:53:57','2025-04-10 18:53:57'),(179,'2025-04-25 06:00:00','2025-04-25 07:30:00','STANDARD',260000.00,'SCHEDULED',22,1,2,'2025-04-10 18:53:57','2025-04-10 18:53:57'),(180,'2025-04-26 06:00:00','2025-04-26 07:30:00','STANDARD',260000.00,'SCHEDULED',22,1,2,'2025-04-10 18:53:57','2025-04-10 18:53:57'),(181,'2025-04-27 06:00:00','2025-04-27 07:30:00','STANDARD',260000.00,'SCHEDULED',22,1,2,'2025-04-10 18:53:57','2025-04-10 18:53:57'),(182,'2025-04-28 06:00:00','2025-04-28 07:30:00','STANDARD',260000.00,'SCHEDULED',22,1,2,'2025-04-10 18:53:57','2025-04-10 18:53:57'),(183,'2025-04-29 06:00:00','2025-04-29 07:30:00','STANDARD',260000.00,'SCHEDULED',22,1,2,'2025-04-10 18:53:57','2025-04-10 18:53:57'),(184,'2025-04-30 06:00:00','2025-04-30 07:30:00','STANDARD',260000.00,'SCHEDULED',22,1,2,'2025-04-10 18:53:57','2025-04-10 18:53:57'),(185,'2025-05-01 06:00:00','2025-05-01 07:30:00','STANDARD',260000.00,'SCHEDULED',22,1,2,'2025-04-10 18:53:57','2025-04-10 18:53:57'),(186,'2025-05-02 06:00:00','2025-05-02 07:30:00','STANDARD',260000.00,'SCHEDULED',22,1,2,'2025-04-10 18:53:57','2025-04-10 18:53:57'),(187,'2025-05-03 06:00:00','2025-05-03 07:30:00','STANDARD',260000.00,'SCHEDULED',22,1,2,'2025-04-10 18:53:57','2025-04-10 18:53:57'),(188,'2025-05-04 06:00:00','2025-05-04 07:30:00','STANDARD',260000.00,'SCHEDULED',22,1,2,'2025-04-10 18:53:57','2025-04-10 18:53:57'),(189,'2025-05-05 06:00:00','2025-05-05 07:30:00','STANDARD',260000.00,'SCHEDULED',22,1,2,'2025-04-10 18:53:57','2025-04-10 18:53:57'),(190,'2025-05-06 06:00:00','2025-05-06 07:30:00','STANDARD',260000.00,'SCHEDULED',22,1,2,'2025-04-10 18:53:57','2025-04-10 18:53:57'),(191,'2025-05-07 06:00:00','2025-05-07 07:30:00','STANDARD',260000.00,'SCHEDULED',22,1,2,'2025-04-10 18:53:57','2025-04-10 18:53:57'),(192,'2025-05-08 06:00:00','2025-05-08 07:30:00','STANDARD',260000.00,'SCHEDULED',22,1,2,'2025-04-10 18:53:57','2025-04-10 18:53:57'),(193,'2025-05-09 06:00:00','2025-05-09 07:30:00','STANDARD',260000.00,'SCHEDULED',22,1,2,'2025-04-10 18:53:57','2025-04-10 18:53:57'),(194,'2025-05-10 06:00:00','2025-05-10 07:30:00','STANDARD',260000.00,'SCHEDULED',22,1,2,'2025-04-10 18:53:57','2025-04-10 18:53:57'),(196,'2025-04-11 06:00:00','2025-04-11 07:30:00','VIP',400000.00,'SCHEDULED',25,1,2,'2025-04-10 18:53:57','2025-04-10 18:53:57'),(197,'2025-04-12 06:00:00','2025-04-12 07:30:00','VIP',400000.00,'SCHEDULED',25,1,2,'2025-04-10 18:53:57','2025-04-10 18:53:57'),(198,'2025-04-13 06:00:00','2025-04-13 07:30:00','VIP',400000.00,'SCHEDULED',25,1,2,'2025-04-10 18:53:57','2025-04-10 18:53:57'),(199,'2025-04-14 06:00:00','2025-04-14 07:30:00','VIP',400000.00,'SCHEDULED',25,1,2,'2025-04-10 18:53:57','2025-04-10 18:53:57'),(200,'2025-04-15 06:00:00','2025-04-15 07:30:00','VIP',400000.00,'SCHEDULED',25,1,2,'2025-04-10 18:53:57','2025-04-10 18:53:57'),(201,'2025-04-16 06:00:00','2025-04-16 07:30:00','VIP',400000.00,'SCHEDULED',25,1,2,'2025-04-10 18:53:57','2025-04-10 18:53:57'),(202,'2025-04-17 06:00:00','2025-04-17 07:30:00','VIP',400000.00,'SCHEDULED',25,1,2,'2025-04-10 18:53:57','2025-04-10 18:53:57'),(203,'2025-04-18 06:00:00','2025-04-18 07:30:00','VIP',400000.00,'SCHEDULED',25,1,2,'2025-04-10 18:53:57','2025-04-10 18:53:57'),(204,'2025-04-19 06:00:00','2025-04-19 07:30:00','VIP',400000.00,'SCHEDULED',25,1,2,'2025-04-10 18:53:57','2025-04-10 18:53:57'),(205,'2025-04-20 06:00:00','2025-04-20 07:30:00','VIP',400000.00,'SCHEDULED',25,1,2,'2025-04-10 18:53:57','2025-04-10 18:53:57'),(206,'2025-04-21 06:00:00','2025-04-21 07:30:00','VIP',400000.00,'SCHEDULED',25,1,2,'2025-04-10 18:53:57','2025-04-10 18:53:57'),(207,'2025-04-22 06:00:00','2025-04-22 07:30:00','VIP',400000.00,'SCHEDULED',25,1,2,'2025-04-10 18:53:57','2025-04-10 18:53:57'),(208,'2025-04-23 06:00:00','2025-04-23 07:30:00','VIP',400000.00,'SCHEDULED',25,1,2,'2025-04-10 18:53:57','2025-04-10 18:53:57'),(209,'2025-04-24 06:00:00','2025-04-24 07:30:00','VIP',400000.00,'SCHEDULED',25,1,2,'2025-04-10 18:53:57','2025-04-10 18:53:57'),(210,'2025-04-25 06:00:00','2025-04-25 07:30:00','VIP',400000.00,'SCHEDULED',25,1,2,'2025-04-10 18:53:57','2025-04-10 18:53:57'),(211,'2025-04-26 06:00:00','2025-04-26 07:30:00','VIP',400000.00,'SCHEDULED',25,1,2,'2025-04-10 18:53:57','2025-04-10 18:53:57'),(212,'2025-04-27 06:00:00','2025-04-27 07:30:00','VIP',400000.00,'SCHEDULED',25,1,2,'2025-04-10 18:53:57','2025-04-10 18:53:57'),(213,'2025-04-28 06:00:00','2025-04-28 07:30:00','VIP',400000.00,'SCHEDULED',25,1,2,'2025-04-10 18:53:57','2025-04-10 18:53:57'),(214,'2025-04-29 06:00:00','2025-04-29 07:30:00','VIP',400000.00,'SCHEDULED',25,1,2,'2025-04-10 18:53:57','2025-04-10 18:53:57'),(215,'2025-04-30 06:00:00','2025-04-30 07:30:00','VIP',400000.00,'SCHEDULED',25,1,2,'2025-04-10 18:53:57','2025-04-10 18:53:57'),(216,'2025-05-01 06:00:00','2025-05-01 07:30:00','VIP',400000.00,'SCHEDULED',25,1,2,'2025-04-10 18:53:57','2025-04-10 18:53:57'),(217,'2025-05-02 06:00:00','2025-05-02 07:30:00','VIP',400000.00,'SCHEDULED',25,1,2,'2025-04-10 18:53:57','2025-04-10 18:53:57'),(218,'2025-05-03 06:00:00','2025-05-03 07:30:00','VIP',400000.00,'SCHEDULED',25,1,2,'2025-04-10 18:53:57','2025-04-10 18:53:57'),(219,'2025-05-04 06:00:00','2025-05-04 07:30:00','VIP',400000.00,'SCHEDULED',25,1,2,'2025-04-10 18:53:57','2025-04-10 18:53:57'),(220,'2025-05-05 06:00:00','2025-05-05 07:30:00','VIP',400000.00,'SCHEDULED',25,1,2,'2025-04-10 18:53:57','2025-04-10 18:53:57'),(221,'2025-05-06 06:00:00','2025-05-06 07:30:00','VIP',400000.00,'SCHEDULED',25,1,2,'2025-04-10 18:53:57','2025-04-10 18:53:57'),(222,'2025-05-07 06:00:00','2025-05-07 07:30:00','VIP',400000.00,'SCHEDULED',25,1,2,'2025-04-10 18:53:57','2025-04-10 18:53:57'),(223,'2025-05-08 06:00:00','2025-05-08 07:30:00','VIP',400000.00,'SCHEDULED',25,1,2,'2025-04-10 18:53:57','2025-04-10 18:53:57'),(224,'2025-05-09 06:00:00','2025-05-09 07:30:00','VIP',400000.00,'SCHEDULED',25,1,2,'2025-04-10 18:53:57','2025-04-10 18:53:57'),(225,'2025-05-10 06:00:00','2025-05-10 07:30:00','VIP',400000.00,'SCHEDULED',25,1,2,'2025-04-10 18:53:57','2025-04-10 18:53:57'),(227,'2025-04-11 07:00:00','2025-04-11 13:00:00','STANDARD',260000.00,'SCHEDULED',34,1,3,'2025-04-10 18:53:57','2025-04-10 18:53:57'),(228,'2025-04-12 07:00:00','2025-04-12 13:00:00','STANDARD',260000.00,'SCHEDULED',34,1,3,'2025-04-10 18:53:57','2025-04-10 18:53:57'),(229,'2025-04-13 07:00:00','2025-04-13 13:00:00','STANDARD',260000.00,'SCHEDULED',34,1,3,'2025-04-10 18:53:57','2025-04-10 18:53:57'),(230,'2025-04-14 07:00:00','2025-04-14 13:00:00','STANDARD',260000.00,'SCHEDULED',34,1,3,'2025-04-10 18:53:57','2025-04-10 18:53:57'),(231,'2025-04-15 07:00:00','2025-04-15 13:00:00','STANDARD',260000.00,'SCHEDULED',34,1,3,'2025-04-10 18:53:57','2025-04-10 18:53:57'),(232,'2025-04-16 07:00:00','2025-04-16 13:00:00','STANDARD',260000.00,'SCHEDULED',34,1,3,'2025-04-10 18:53:57','2025-04-10 18:53:57'),(233,'2025-04-17 07:00:00','2025-04-17 13:00:00','STANDARD',260000.00,'SCHEDULED',34,1,3,'2025-04-10 18:53:57','2025-04-10 18:53:57'),(234,'2025-04-18 07:00:00','2025-04-18 13:00:00','STANDARD',260000.00,'SCHEDULED',34,1,3,'2025-04-10 18:53:57','2025-04-10 18:53:57'),(235,'2025-04-19 07:00:00','2025-04-19 13:00:00','STANDARD',260000.00,'SCHEDULED',34,1,3,'2025-04-10 18:53:57','2025-04-10 18:53:57'),(236,'2025-04-20 07:00:00','2025-04-20 13:00:00','STANDARD',260000.00,'SCHEDULED',34,1,3,'2025-04-10 18:53:57','2025-04-10 18:53:57'),(237,'2025-04-21 07:00:00','2025-04-21 13:00:00','STANDARD',260000.00,'SCHEDULED',34,1,3,'2025-04-10 18:53:57','2025-04-10 18:53:57'),(238,'2025-04-22 07:00:00','2025-04-22 13:00:00','STANDARD',260000.00,'SCHEDULED',34,1,3,'2025-04-10 18:53:57','2025-04-10 18:53:57'),(239,'2025-04-23 07:00:00','2025-04-23 13:00:00','STANDARD',260000.00,'SCHEDULED',34,1,3,'2025-04-10 18:53:57','2025-04-10 18:53:57'),(240,'2025-04-24 07:00:00','2025-04-24 13:00:00','STANDARD',260000.00,'SCHEDULED',34,1,3,'2025-04-10 18:53:57','2025-04-10 18:53:57'),(241,'2025-04-25 07:00:00','2025-04-25 13:00:00','STANDARD',260000.00,'SCHEDULED',34,1,3,'2025-04-10 18:53:57','2025-04-10 18:53:57'),(242,'2025-04-26 07:00:00','2025-04-26 13:00:00','STANDARD',260000.00,'SCHEDULED',34,1,3,'2025-04-10 18:53:57','2025-04-10 18:53:57'),(243,'2025-04-27 07:00:00','2025-04-27 13:00:00','STANDARD',260000.00,'SCHEDULED',34,1,3,'2025-04-10 18:53:57','2025-04-10 18:53:57'),(244,'2025-04-28 07:00:00','2025-04-28 13:00:00','STANDARD',260000.00,'SCHEDULED',34,1,3,'2025-04-10 18:53:57','2025-04-10 18:53:57'),(245,'2025-04-29 07:00:00','2025-04-29 13:00:00','STANDARD',260000.00,'SCHEDULED',34,1,3,'2025-04-10 18:53:57','2025-04-10 18:53:57'),(246,'2025-04-30 07:00:00','2025-04-30 13:00:00','STANDARD',260000.00,'SCHEDULED',34,1,3,'2025-04-10 18:53:57','2025-04-10 18:53:57'),(247,'2025-05-01 07:00:00','2025-05-01 13:00:00','STANDARD',260000.00,'SCHEDULED',34,1,3,'2025-04-10 18:53:57','2025-04-10 18:53:57'),(248,'2025-05-02 07:00:00','2025-05-02 13:00:00','STANDARD',260000.00,'SCHEDULED',34,1,3,'2025-04-10 18:53:57','2025-04-10 18:53:57'),(249,'2025-05-03 07:00:00','2025-05-03 13:00:00','STANDARD',260000.00,'SCHEDULED',34,1,3,'2025-04-10 18:53:57','2025-04-10 18:53:57'),(250,'2025-05-04 07:00:00','2025-05-04 13:00:00','STANDARD',260000.00,'SCHEDULED',34,1,3,'2025-04-10 18:53:57','2025-04-10 18:53:57'),(251,'2025-05-05 07:00:00','2025-05-05 13:00:00','STANDARD',260000.00,'SCHEDULED',34,1,3,'2025-04-10 18:53:57','2025-04-10 18:53:57'),(252,'2025-05-06 07:00:00','2025-05-06 13:00:00','STANDARD',260000.00,'SCHEDULED',34,1,3,'2025-04-10 18:53:57','2025-04-10 18:53:57'),(253,'2025-05-07 07:00:00','2025-05-07 13:00:00','STANDARD',260000.00,'SCHEDULED',34,1,3,'2025-04-10 18:53:57','2025-04-10 18:53:57'),(254,'2025-05-08 07:00:00','2025-05-08 13:00:00','STANDARD',260000.00,'SCHEDULED',34,1,3,'2025-04-10 18:53:57','2025-04-10 18:53:57'),(255,'2025-05-09 07:00:00','2025-05-09 13:00:00','STANDARD',260000.00,'SCHEDULED',34,1,3,'2025-04-10 18:53:57','2025-04-10 18:53:57'),(256,'2025-05-10 07:00:00','2025-05-10 13:00:00','STANDARD',260000.00,'SCHEDULED',34,1,3,'2025-04-10 18:53:57','2025-04-10 18:53:57'),(258,'2025-04-11 07:00:00','2025-04-11 13:00:00','VIP',400000.00,'SCHEDULED',37,1,3,'2025-04-10 18:53:57','2025-04-10 18:53:57'),(259,'2025-04-12 07:00:00','2025-04-12 13:00:00','VIP',400000.00,'SCHEDULED',37,1,3,'2025-04-10 18:53:57','2025-04-10 18:53:57'),(260,'2025-04-13 07:00:00','2025-04-13 13:00:00','VIP',400000.00,'SCHEDULED',37,1,3,'2025-04-10 18:53:57','2025-04-10 18:53:57'),(261,'2025-04-14 07:00:00','2025-04-14 13:00:00','VIP',400000.00,'SCHEDULED',37,1,3,'2025-04-10 18:53:57','2025-04-10 18:53:57'),(262,'2025-04-15 07:00:00','2025-04-15 13:00:00','VIP',400000.00,'SCHEDULED',37,1,3,'2025-04-10 18:53:57','2025-04-10 18:53:57'),(263,'2025-04-16 07:00:00','2025-04-16 13:00:00','VIP',400000.00,'SCHEDULED',37,1,3,'2025-04-10 18:53:57','2025-04-10 18:53:57'),(264,'2025-04-17 07:00:00','2025-04-17 13:00:00','VIP',400000.00,'SCHEDULED',37,1,3,'2025-04-10 18:53:57','2025-04-10 18:53:57'),(265,'2025-04-18 07:00:00','2025-04-18 13:00:00','VIP',400000.00,'SCHEDULED',37,1,3,'2025-04-10 18:53:57','2025-04-10 18:53:57'),(266,'2025-04-19 07:00:00','2025-04-19 13:00:00','VIP',400000.00,'SCHEDULED',37,1,3,'2025-04-10 18:53:57','2025-04-10 18:53:57'),(267,'2025-04-20 07:00:00','2025-04-20 13:00:00','VIP',400000.00,'SCHEDULED',37,1,3,'2025-04-10 18:53:57','2025-04-10 18:53:57'),(268,'2025-04-21 07:00:00','2025-04-21 13:00:00','VIP',400000.00,'SCHEDULED',37,1,3,'2025-04-10 18:53:57','2025-04-10 18:53:57'),(269,'2025-04-22 07:00:00','2025-04-22 13:00:00','VIP',400000.00,'SCHEDULED',37,1,3,'2025-04-10 18:53:57','2025-04-10 18:53:57'),(270,'2025-04-23 07:00:00','2025-04-23 13:00:00','VIP',400000.00,'SCHEDULED',37,1,3,'2025-04-10 18:53:57','2025-04-10 18:53:57'),(271,'2025-04-24 07:00:00','2025-04-24 13:00:00','VIP',400000.00,'SCHEDULED',37,1,3,'2025-04-10 18:53:57','2025-04-10 18:53:57'),(272,'2025-04-25 07:00:00','2025-04-25 13:00:00','VIP',400000.00,'SCHEDULED',37,1,3,'2025-04-10 18:53:57','2025-04-10 18:53:57'),(273,'2025-04-26 07:00:00','2025-04-26 13:00:00','VIP',400000.00,'SCHEDULED',37,1,3,'2025-04-10 18:53:57','2025-04-10 18:53:57'),(274,'2025-04-27 07:00:00','2025-04-27 13:00:00','VIP',400000.00,'SCHEDULED',37,1,3,'2025-04-10 18:53:57','2025-04-10 18:53:57'),(275,'2025-04-28 07:00:00','2025-04-28 13:00:00','VIP',400000.00,'SCHEDULED',37,1,3,'2025-04-10 18:53:57','2025-04-10 18:53:57'),(276,'2025-04-29 07:00:00','2025-04-29 13:00:00','VIP',400000.00,'SCHEDULED',37,1,3,'2025-04-10 18:53:57','2025-04-10 18:53:57'),(277,'2025-04-30 07:00:00','2025-04-30 13:00:00','VIP',400000.00,'SCHEDULED',37,1,3,'2025-04-10 18:53:57','2025-04-10 18:53:57'),(278,'2025-05-01 07:00:00','2025-05-01 13:00:00','VIP',400000.00,'SCHEDULED',37,1,3,'2025-04-10 18:53:57','2025-04-10 18:53:57'),(279,'2025-05-02 07:00:00','2025-05-02 13:00:00','VIP',400000.00,'SCHEDULED',37,1,3,'2025-04-10 18:53:57','2025-04-10 18:53:57'),(280,'2025-05-03 07:00:00','2025-05-03 13:00:00','VIP',400000.00,'SCHEDULED',37,1,3,'2025-04-10 18:53:57','2025-04-10 18:53:57'),(281,'2025-05-04 07:00:00','2025-05-04 13:00:00','VIP',400000.00,'SCHEDULED',37,1,3,'2025-04-10 18:53:57','2025-04-10 18:53:57'),(282,'2025-05-05 07:00:00','2025-05-05 13:00:00','VIP',400000.00,'SCHEDULED',37,1,3,'2025-04-10 18:53:57','2025-04-10 18:53:57'),(283,'2025-05-06 07:00:00','2025-05-06 13:00:00','VIP',400000.00,'SCHEDULED',37,1,3,'2025-04-10 18:53:57','2025-04-10 18:53:57'),(284,'2025-05-07 07:00:00','2025-05-07 13:00:00','VIP',400000.00,'SCHEDULED',37,1,3,'2025-04-10 18:53:57','2025-04-10 18:53:57'),(285,'2025-05-08 07:00:00','2025-05-08 13:00:00','VIP',400000.00,'SCHEDULED',37,1,3,'2025-04-10 18:53:57','2025-04-10 18:53:57'),(286,'2025-05-09 07:00:00','2025-05-09 13:00:00','VIP',400000.00,'SCHEDULED',37,1,3,'2025-04-10 18:53:57','2025-04-10 18:53:57'),(287,'2025-05-10 07:00:00','2025-05-10 13:00:00','VIP',400000.00,'SCHEDULED',37,1,3,'2025-04-10 18:53:57','2025-04-10 18:53:57'),(289,'2025-04-11 09:00:00','2025-04-12 05:00:00','STANDARD',350000.00,'SCHEDULED',17,5,4,'2025-04-10 18:53:57','2025-04-10 18:53:57'),(290,'2025-04-12 09:00:00','2025-04-13 05:00:00','STANDARD',350000.00,'SCHEDULED',17,5,4,'2025-04-10 18:53:57','2025-04-10 18:53:57'),(291,'2025-04-13 09:00:00','2025-04-14 05:00:00','STANDARD',350000.00,'SCHEDULED',17,5,4,'2025-04-10 18:53:57','2025-04-10 18:53:57'),(292,'2025-04-14 09:00:00','2025-04-15 05:00:00','STANDARD',350000.00,'SCHEDULED',17,5,4,'2025-04-10 18:53:57','2025-04-10 18:53:57'),(293,'2025-04-15 09:00:00','2025-04-16 05:00:00','STANDARD',350000.00,'SCHEDULED',17,5,4,'2025-04-10 18:53:57','2025-04-10 18:53:57'),(294,'2025-04-16 09:00:00','2025-04-17 05:00:00','STANDARD',350000.00,'SCHEDULED',17,5,4,'2025-04-10 18:53:57','2025-04-10 18:53:57'),(295,'2025-04-17 09:00:00','2025-04-18 05:00:00','STANDARD',350000.00,'SCHEDULED',17,5,4,'2025-04-10 18:53:57','2025-04-10 18:53:57'),(296,'2025-04-18 09:00:00','2025-04-19 05:00:00','STANDARD',350000.00,'SCHEDULED',17,5,4,'2025-04-10 18:53:57','2025-04-10 18:53:57'),(297,'2025-04-19 09:00:00','2025-04-20 05:00:00','STANDARD',350000.00,'SCHEDULED',17,5,4,'2025-04-10 18:53:57','2025-04-10 18:53:57'),(298,'2025-04-20 09:00:00','2025-04-21 05:00:00','STANDARD',350000.00,'SCHEDULED',17,5,4,'2025-04-10 18:53:57','2025-04-10 18:53:57'),(299,'2025-04-21 09:00:00','2025-04-22 05:00:00','STANDARD',350000.00,'SCHEDULED',17,5,4,'2025-04-10 18:53:57','2025-04-10 18:53:57'),(300,'2025-04-22 09:00:00','2025-04-23 05:00:00','STANDARD',350000.00,'SCHEDULED',17,5,4,'2025-04-10 18:53:57','2025-04-10 18:53:57'),(301,'2025-04-23 09:00:00','2025-04-24 05:00:00','STANDARD',350000.00,'SCHEDULED',17,5,4,'2025-04-10 18:53:57','2025-04-10 18:53:57'),(302,'2025-04-24 09:00:00','2025-04-25 05:00:00','STANDARD',350000.00,'SCHEDULED',17,5,4,'2025-04-10 18:53:57','2025-04-10 18:53:57'),(303,'2025-04-25 09:00:00','2025-04-26 05:00:00','STANDARD',350000.00,'SCHEDULED',17,5,4,'2025-04-10 18:53:57','2025-04-10 18:53:57'),(304,'2025-04-26 09:00:00','2025-04-27 05:00:00','STANDARD',350000.00,'SCHEDULED',17,5,4,'2025-04-10 18:53:57','2025-04-10 18:53:57'),(305,'2025-04-27 09:00:00','2025-04-28 05:00:00','STANDARD',350000.00,'SCHEDULED',17,5,4,'2025-04-10 18:53:57','2025-04-10 18:53:57'),(306,'2025-04-28 09:00:00','2025-04-29 05:00:00','STANDARD',350000.00,'SCHEDULED',17,5,4,'2025-04-10 18:53:57','2025-04-10 18:53:57'),(307,'2025-04-29 09:00:00','2025-04-30 05:00:00','STANDARD',350000.00,'SCHEDULED',17,5,4,'2025-04-10 18:53:57','2025-04-10 18:53:57'),(308,'2025-04-30 09:00:00','2025-05-01 05:00:00','STANDARD',350000.00,'SCHEDULED',17,5,4,'2025-04-10 18:53:57','2025-04-10 18:53:57'),(309,'2025-05-01 09:00:00','2025-05-02 05:00:00','STANDARD',350000.00,'SCHEDULED',17,5,4,'2025-04-10 18:53:57','2025-04-10 18:53:57'),(310,'2025-05-02 09:00:00','2025-05-03 05:00:00','STANDARD',350000.00,'SCHEDULED',17,5,4,'2025-04-10 18:53:57','2025-04-10 18:53:57'),(311,'2025-05-03 09:00:00','2025-05-04 05:00:00','STANDARD',350000.00,'SCHEDULED',17,5,4,'2025-04-10 18:53:57','2025-04-10 18:53:57'),(312,'2025-05-04 09:00:00','2025-05-05 05:00:00','STANDARD',350000.00,'SCHEDULED',17,5,4,'2025-04-10 18:53:57','2025-04-10 18:53:57'),(313,'2025-05-05 09:00:00','2025-05-06 05:00:00','STANDARD',350000.00,'SCHEDULED',17,5,4,'2025-04-10 18:53:57','2025-04-10 18:53:57'),(314,'2025-05-06 09:00:00','2025-05-07 05:00:00','STANDARD',350000.00,'SCHEDULED',17,5,4,'2025-04-10 18:53:57','2025-04-10 18:53:57'),(315,'2025-05-07 09:00:00','2025-05-08 05:00:00','STANDARD',350000.00,'SCHEDULED',17,5,4,'2025-04-10 18:53:57','2025-04-10 18:53:57'),(316,'2025-05-08 09:00:00','2025-05-09 05:00:00','STANDARD',350000.00,'SCHEDULED',17,5,4,'2025-04-10 18:53:57','2025-04-10 18:53:57'),(317,'2025-05-09 09:00:00','2025-05-10 05:00:00','STANDARD',350000.00,'SCHEDULED',17,5,4,'2025-04-10 18:53:57','2025-04-10 18:53:57'),(318,'2025-05-10 09:00:00','2025-05-11 05:00:00','STANDARD',350000.00,'SCHEDULED',17,5,4,'2025-04-10 18:53:57','2025-04-10 18:53:57'),(320,'2025-04-11 09:00:00','2025-04-12 05:00:00','VIP',500000.00,'SCHEDULED',20,5,4,'2025-04-10 18:53:57','2025-04-10 18:53:57'),(321,'2025-04-12 09:00:00','2025-04-13 05:00:00','VIP',500000.00,'SCHEDULED',20,5,4,'2025-04-10 18:53:57','2025-04-10 18:53:57'),(322,'2025-04-13 09:00:00','2025-04-14 05:00:00','VIP',500000.00,'SCHEDULED',20,5,4,'2025-04-10 18:53:57','2025-04-10 18:53:57'),(323,'2025-04-14 09:00:00','2025-04-15 05:00:00','VIP',500000.00,'SCHEDULED',20,5,4,'2025-04-10 18:53:57','2025-04-10 18:53:57'),(324,'2025-04-15 09:00:00','2025-04-16 05:00:00','VIP',500000.00,'SCHEDULED',20,5,4,'2025-04-10 18:53:57','2025-04-10 18:53:57'),(325,'2025-04-16 09:00:00','2025-04-17 05:00:00','VIP',500000.00,'SCHEDULED',20,5,4,'2025-04-10 18:53:57','2025-04-10 18:53:57'),(326,'2025-04-17 09:00:00','2025-04-18 05:00:00','VIP',500000.00,'SCHEDULED',20,5,4,'2025-04-10 18:53:57','2025-04-10 18:53:57'),(327,'2025-04-18 09:00:00','2025-04-19 05:00:00','VIP',500000.00,'SCHEDULED',20,5,4,'2025-04-10 18:53:57','2025-04-10 18:53:57'),(328,'2025-04-19 09:00:00','2025-04-20 05:00:00','VIP',500000.00,'SCHEDULED',20,5,4,'2025-04-10 18:53:57','2025-04-10 18:53:57'),(329,'2025-04-20 09:00:00','2025-04-21 05:00:00','VIP',500000.00,'SCHEDULED',20,5,4,'2025-04-10 18:53:57','2025-04-10 18:53:57'),(330,'2025-04-21 09:00:00','2025-04-22 05:00:00','VIP',500000.00,'SCHEDULED',20,5,4,'2025-04-10 18:53:57','2025-04-10 18:53:57'),(331,'2025-04-22 09:00:00','2025-04-23 05:00:00','VIP',500000.00,'SCHEDULED',20,5,4,'2025-04-10 18:53:57','2025-04-10 18:53:57'),(332,'2025-04-23 09:00:00','2025-04-24 05:00:00','VIP',500000.00,'SCHEDULED',20,5,4,'2025-04-10 18:53:57','2025-04-10 18:53:57'),(333,'2025-04-24 09:00:00','2025-04-25 05:00:00','VIP',500000.00,'SCHEDULED',20,5,4,'2025-04-10 18:53:57','2025-04-10 18:53:57'),(334,'2025-04-25 09:00:00','2025-04-26 05:00:00','VIP',500000.00,'SCHEDULED',20,5,4,'2025-04-10 18:53:57','2025-04-10 18:53:57'),(335,'2025-04-26 09:00:00','2025-04-27 05:00:00','VIP',500000.00,'SCHEDULED',20,5,4,'2025-04-10 18:53:57','2025-04-10 18:53:57'),(336,'2025-04-27 09:00:00','2025-04-28 05:00:00','VIP',500000.00,'SCHEDULED',20,5,4,'2025-04-10 18:53:57','2025-04-10 18:53:57'),(337,'2025-04-28 09:00:00','2025-04-29 05:00:00','VIP',500000.00,'SCHEDULED',20,5,4,'2025-04-10 18:53:57','2025-04-10 18:53:57'),(338,'2025-04-29 09:00:00','2025-04-30 05:00:00','VIP',500000.00,'SCHEDULED',20,5,4,'2025-04-10 18:53:57','2025-04-10 18:53:57'),(339,'2025-04-30 09:00:00','2025-05-01 05:00:00','VIP',500000.00,'SCHEDULED',20,5,4,'2025-04-10 18:53:57','2025-04-10 18:53:57'),(340,'2025-05-01 09:00:00','2025-05-02 05:00:00','VIP',500000.00,'SCHEDULED',20,5,4,'2025-04-10 18:53:57','2025-04-10 18:53:57'),(341,'2025-05-02 09:00:00','2025-05-03 05:00:00','VIP',500000.00,'SCHEDULED',20,5,4,'2025-04-10 18:53:57','2025-04-10 18:53:57'),(342,'2025-05-03 09:00:00','2025-05-04 05:00:00','VIP',500000.00,'SCHEDULED',20,5,4,'2025-04-10 18:53:57','2025-04-10 18:53:57'),(343,'2025-05-04 09:00:00','2025-05-05 05:00:00','VIP',500000.00,'SCHEDULED',20,5,4,'2025-04-10 18:53:57','2025-04-10 18:53:57'),(344,'2025-05-05 09:00:00','2025-05-06 05:00:00','VIP',500000.00,'SCHEDULED',20,5,4,'2025-04-10 18:53:57','2025-04-10 18:53:57'),(345,'2025-05-06 09:00:00','2025-05-07 05:00:00','VIP',500000.00,'SCHEDULED',20,5,4,'2025-04-10 18:53:57','2025-04-10 18:53:57'),(346,'2025-05-07 09:00:00','2025-05-08 05:00:00','VIP',500000.00,'SCHEDULED',20,5,4,'2025-04-10 18:53:57','2025-04-10 18:53:57'),(347,'2025-05-08 09:00:00','2025-05-09 05:00:00','VIP',500000.00,'SCHEDULED',20,5,4,'2025-04-10 18:53:57','2025-04-10 18:53:57'),(348,'2025-05-09 09:00:00','2025-05-10 05:00:00','VIP',500000.00,'SCHEDULED',20,5,4,'2025-04-10 18:53:57','2025-04-10 18:53:57'),(349,'2025-05-10 09:00:00','2025-05-11 05:00:00','VIP',500000.00,'SCHEDULED',20,5,4,'2025-04-10 18:53:57','2025-04-10 18:53:57'),(351,'2025-04-11 06:00:00','2025-04-11 07:30:00','STANDARD',260000.00,'SCHEDULED',22,2,1,'2025-04-10 19:00:10','2025-04-10 19:00:10'),(352,'2025-04-12 06:00:00','2025-04-12 07:30:00','STANDARD',260000.00,'SCHEDULED',22,2,1,'2025-04-10 19:00:10','2025-04-10 19:00:10'),(353,'2025-04-13 06:00:00','2025-04-13 07:30:00','STANDARD',260000.00,'SCHEDULED',22,2,1,'2025-04-10 19:00:10','2025-04-10 19:00:10'),(354,'2025-04-14 06:00:00','2025-04-14 07:30:00','STANDARD',260000.00,'SCHEDULED',22,2,1,'2025-04-10 19:00:10','2025-04-10 19:00:10'),(355,'2025-04-15 06:00:00','2025-04-15 07:30:00','STANDARD',260000.00,'SCHEDULED',22,2,1,'2025-04-10 19:00:10','2025-04-10 19:00:10'),(356,'2025-04-16 06:00:00','2025-04-16 07:30:00','STANDARD',260000.00,'SCHEDULED',22,2,1,'2025-04-10 19:00:10','2025-04-10 19:00:10'),(357,'2025-04-17 06:00:00','2025-04-17 07:30:00','STANDARD',260000.00,'SCHEDULED',22,2,1,'2025-04-10 19:00:10','2025-04-10 19:00:10'),(358,'2025-04-18 06:00:00','2025-04-18 07:30:00','STANDARD',260000.00,'SCHEDULED',22,2,1,'2025-04-10 19:00:10','2025-04-10 19:00:10'),(359,'2025-04-19 06:00:00','2025-04-19 07:30:00','STANDARD',260000.00,'SCHEDULED',22,2,1,'2025-04-10 19:00:10','2025-04-10 19:00:10'),(360,'2025-04-20 06:00:00','2025-04-20 07:30:00','STANDARD',260000.00,'SCHEDULED',22,2,1,'2025-04-10 19:00:10','2025-04-10 19:00:10'),(361,'2025-04-21 06:00:00','2025-04-21 07:30:00','STANDARD',260000.00,'SCHEDULED',22,2,1,'2025-04-10 19:00:10','2025-04-10 19:00:10'),(362,'2025-04-22 06:00:00','2025-04-22 07:30:00','STANDARD',260000.00,'SCHEDULED',22,2,1,'2025-04-10 19:00:10','2025-04-10 19:00:10'),(363,'2025-04-23 06:00:00','2025-04-23 07:30:00','STANDARD',260000.00,'SCHEDULED',22,2,1,'2025-04-10 19:00:10','2025-04-10 19:00:10'),(364,'2025-04-24 06:00:00','2025-04-24 07:30:00','STANDARD',260000.00,'SCHEDULED',22,2,1,'2025-04-10 19:00:10','2025-04-10 19:00:10'),(365,'2025-04-25 06:00:00','2025-04-25 07:30:00','STANDARD',260000.00,'SCHEDULED',22,2,1,'2025-04-10 19:00:10','2025-04-10 19:00:10'),(366,'2025-04-26 06:00:00','2025-04-26 07:30:00','STANDARD',260000.00,'SCHEDULED',22,2,1,'2025-04-10 19:00:10','2025-04-10 19:00:10'),(367,'2025-04-27 06:00:00','2025-04-27 07:30:00','STANDARD',260000.00,'SCHEDULED',22,2,1,'2025-04-10 19:00:10','2025-04-10 19:00:10'),(368,'2025-04-28 06:00:00','2025-04-28 07:30:00','STANDARD',260000.00,'SCHEDULED',22,2,1,'2025-04-10 19:00:10','2025-04-10 19:00:10'),(369,'2025-04-29 06:00:00','2025-04-29 07:30:00','STANDARD',260000.00,'SCHEDULED',22,2,1,'2025-04-10 19:00:10','2025-04-10 19:00:10'),(370,'2025-04-30 06:00:00','2025-04-30 07:30:00','STANDARD',260000.00,'SCHEDULED',22,2,1,'2025-04-10 19:00:10','2025-04-10 19:00:10'),(371,'2025-05-01 06:00:00','2025-05-01 07:30:00','STANDARD',260000.00,'SCHEDULED',22,2,1,'2025-04-10 19:00:10','2025-04-10 19:00:10'),(372,'2025-05-02 06:00:00','2025-05-02 07:30:00','STANDARD',260000.00,'SCHEDULED',22,2,1,'2025-04-10 19:00:10','2025-04-10 19:00:10'),(373,'2025-05-03 06:00:00','2025-05-03 07:30:00','STANDARD',260000.00,'SCHEDULED',22,2,1,'2025-04-10 19:00:10','2025-04-10 19:00:10'),(374,'2025-05-04 06:00:00','2025-05-04 07:30:00','STANDARD',260000.00,'SCHEDULED',22,2,1,'2025-04-10 19:00:10','2025-04-10 19:00:10'),(375,'2025-05-05 06:00:00','2025-05-05 07:30:00','STANDARD',260000.00,'SCHEDULED',22,2,1,'2025-04-10 19:00:10','2025-04-10 19:00:10'),(376,'2025-05-06 06:00:00','2025-05-06 07:30:00','STANDARD',260000.00,'SCHEDULED',22,2,1,'2025-04-10 19:00:10','2025-04-10 19:00:10'),(377,'2025-05-07 06:00:00','2025-05-07 07:30:00','STANDARD',260000.00,'SCHEDULED',22,2,1,'2025-04-10 19:00:10','2025-04-10 19:00:10'),(378,'2025-05-08 06:00:00','2025-05-08 07:30:00','STANDARD',260000.00,'SCHEDULED',22,2,1,'2025-04-10 19:00:10','2025-04-10 19:00:10'),(379,'2025-05-09 06:00:00','2025-05-09 07:30:00','STANDARD',260000.00,'SCHEDULED',22,2,1,'2025-04-10 19:00:10','2025-04-10 19:00:10'),(380,'2025-05-10 06:00:00','2025-05-10 07:30:00','STANDARD',260000.00,'SCHEDULED',22,2,1,'2025-04-10 19:00:10','2025-04-10 19:00:10'),(382,'2025-04-11 06:00:00','2025-04-11 07:30:00','VIP',400000.00,'SCHEDULED',25,2,1,'2025-04-10 19:00:10','2025-04-10 19:00:10'),(383,'2025-04-12 06:00:00','2025-04-12 07:30:00','VIP',400000.00,'SCHEDULED',25,2,1,'2025-04-10 19:00:10','2025-04-10 19:00:10'),(384,'2025-04-13 06:00:00','2025-04-13 07:30:00','VIP',400000.00,'SCHEDULED',25,2,1,'2025-04-10 19:00:10','2025-04-10 19:00:10'),(385,'2025-04-14 06:00:00','2025-04-14 07:30:00','VIP',400000.00,'SCHEDULED',25,2,1,'2025-04-10 19:00:10','2025-04-10 19:00:10'),(386,'2025-04-15 06:00:00','2025-04-15 07:30:00','VIP',400000.00,'SCHEDULED',25,2,1,'2025-04-10 19:00:10','2025-04-10 19:00:10'),(387,'2025-04-16 06:00:00','2025-04-16 07:30:00','VIP',400000.00,'SCHEDULED',25,2,1,'2025-04-10 19:00:10','2025-04-10 19:00:10'),(388,'2025-04-17 06:00:00','2025-04-17 07:30:00','VIP',400000.00,'SCHEDULED',25,2,1,'2025-04-10 19:00:10','2025-04-10 19:00:10'),(389,'2025-04-18 06:00:00','2025-04-18 07:30:00','VIP',400000.00,'SCHEDULED',25,2,1,'2025-04-10 19:00:10','2025-04-10 19:00:10'),(390,'2025-04-19 06:00:00','2025-04-19 07:30:00','VIP',400000.00,'SCHEDULED',25,2,1,'2025-04-10 19:00:10','2025-04-10 19:00:10'),(391,'2025-04-20 06:00:00','2025-04-20 07:30:00','VIP',400000.00,'SCHEDULED',25,2,1,'2025-04-10 19:00:10','2025-04-10 19:00:10'),(392,'2025-04-21 06:00:00','2025-04-21 07:30:00','VIP',400000.00,'SCHEDULED',25,2,1,'2025-04-10 19:00:10','2025-04-10 19:00:10'),(393,'2025-04-22 06:00:00','2025-04-22 07:30:00','VIP',400000.00,'SCHEDULED',25,2,1,'2025-04-10 19:00:10','2025-04-10 19:00:10'),(394,'2025-04-23 06:00:00','2025-04-23 07:30:00','VIP',400000.00,'SCHEDULED',25,2,1,'2025-04-10 19:00:10','2025-04-10 19:00:10'),(395,'2025-04-24 06:00:00','2025-04-24 07:30:00','VIP',400000.00,'SCHEDULED',25,2,1,'2025-04-10 19:00:10','2025-04-10 19:00:10'),(396,'2025-04-25 06:00:00','2025-04-25 07:30:00','VIP',400000.00,'SCHEDULED',25,2,1,'2025-04-10 19:00:10','2025-04-10 19:00:10'),(397,'2025-04-26 06:00:00','2025-04-26 07:30:00','VIP',400000.00,'SCHEDULED',25,2,1,'2025-04-10 19:00:10','2025-04-10 19:00:10'),(398,'2025-04-27 06:00:00','2025-04-27 07:30:00','VIP',400000.00,'SCHEDULED',25,2,1,'2025-04-10 19:00:10','2025-04-10 19:00:10'),(399,'2025-04-28 06:00:00','2025-04-28 07:30:00','VIP',400000.00,'SCHEDULED',25,2,1,'2025-04-10 19:00:10','2025-04-10 19:00:10'),(400,'2025-04-29 06:00:00','2025-04-29 07:30:00','VIP',400000.00,'SCHEDULED',25,2,1,'2025-04-10 19:00:10','2025-04-10 19:00:10'),(401,'2025-04-30 06:00:00','2025-04-30 07:30:00','VIP',400000.00,'SCHEDULED',25,2,1,'2025-04-10 19:00:10','2025-04-10 19:00:10'),(402,'2025-05-01 06:00:00','2025-05-01 07:30:00','VIP',400000.00,'SCHEDULED',25,2,1,'2025-04-10 19:00:10','2025-04-10 19:00:10'),(403,'2025-05-02 06:00:00','2025-05-02 07:30:00','VIP',400000.00,'SCHEDULED',25,2,1,'2025-04-10 19:00:10','2025-04-10 19:00:10'),(404,'2025-05-03 06:00:00','2025-05-03 07:30:00','VIP',400000.00,'SCHEDULED',25,2,1,'2025-04-10 19:00:10','2025-04-10 19:00:10'),(405,'2025-05-04 06:00:00','2025-05-04 07:30:00','VIP',400000.00,'SCHEDULED',25,2,1,'2025-04-10 19:00:10','2025-04-10 19:00:10'),(406,'2025-05-05 06:00:00','2025-05-05 07:30:00','VIP',400000.00,'SCHEDULED',25,2,1,'2025-04-10 19:00:10','2025-04-10 19:00:10'),(407,'2025-05-06 06:00:00','2025-05-06 07:30:00','VIP',400000.00,'SCHEDULED',25,2,1,'2025-04-10 19:00:10','2025-04-10 19:00:10'),(408,'2025-05-07 06:00:00','2025-05-07 07:30:00','VIP',400000.00,'SCHEDULED',25,2,1,'2025-04-10 19:00:10','2025-04-10 19:00:10'),(409,'2025-05-08 06:00:00','2025-05-08 07:30:00','VIP',400000.00,'SCHEDULED',25,2,1,'2025-04-10 19:00:10','2025-04-10 19:00:10'),(410,'2025-05-09 06:00:00','2025-05-09 07:30:00','VIP',400000.00,'SCHEDULED',25,2,1,'2025-04-10 19:00:10','2025-04-10 19:00:10'),(411,'2025-05-10 06:00:00','2025-05-10 07:30:00','VIP',400000.00,'SCHEDULED',25,2,1,'2025-04-10 19:00:10','2025-04-10 19:00:10'),(413,'2025-04-11 07:00:00','2025-04-12 13:00:00','STANDARD',600000.00,'SCHEDULED',34,3,5,'2025-04-10 19:00:10','2025-04-10 19:00:10'),(414,'2025-04-12 07:00:00','2025-04-13 13:00:00','STANDARD',600000.00,'SCHEDULED',34,3,5,'2025-04-10 19:00:10','2025-04-10 19:00:10'),(415,'2025-04-13 07:00:00','2025-04-14 13:00:00','STANDARD',600000.00,'SCHEDULED',34,3,5,'2025-04-10 19:00:10','2025-04-10 19:00:10'),(416,'2025-04-14 07:00:00','2025-04-15 13:00:00','STANDARD',600000.00,'SCHEDULED',34,3,5,'2025-04-10 19:00:10','2025-04-10 19:00:10'),(417,'2025-04-15 07:00:00','2025-04-16 13:00:00','STANDARD',600000.00,'SCHEDULED',34,3,5,'2025-04-10 19:00:10','2025-04-10 19:00:10'),(418,'2025-04-16 07:00:00','2025-04-17 13:00:00','STANDARD',600000.00,'SCHEDULED',34,3,5,'2025-04-10 19:00:10','2025-04-10 19:00:10'),(419,'2025-04-17 07:00:00','2025-04-18 13:00:00','STANDARD',600000.00,'SCHEDULED',34,3,5,'2025-04-10 19:00:10','2025-04-10 19:00:10'),(420,'2025-04-18 07:00:00','2025-04-19 13:00:00','STANDARD',600000.00,'SCHEDULED',34,3,5,'2025-04-10 19:00:10','2025-04-10 19:00:10'),(421,'2025-04-19 07:00:00','2025-04-20 13:00:00','STANDARD',600000.00,'SCHEDULED',34,3,5,'2025-04-10 19:00:10','2025-04-10 19:00:10'),(422,'2025-04-20 07:00:00','2025-04-21 13:00:00','STANDARD',600000.00,'SCHEDULED',34,3,5,'2025-04-10 19:00:10','2025-04-10 19:00:10'),(423,'2025-04-21 07:00:00','2025-04-22 13:00:00','STANDARD',600000.00,'SCHEDULED',34,3,5,'2025-04-10 19:00:10','2025-04-10 19:00:10'),(424,'2025-04-22 07:00:00','2025-04-23 13:00:00','STANDARD',600000.00,'SCHEDULED',34,3,5,'2025-04-10 19:00:10','2025-04-10 19:00:10'),(425,'2025-04-23 07:00:00','2025-04-24 13:00:00','STANDARD',600000.00,'SCHEDULED',34,3,5,'2025-04-10 19:00:10','2025-04-10 19:00:10'),(426,'2025-04-24 07:00:00','2025-04-25 13:00:00','STANDARD',600000.00,'SCHEDULED',34,3,5,'2025-04-10 19:00:10','2025-04-10 19:00:10'),(427,'2025-04-25 07:00:00','2025-04-26 13:00:00','STANDARD',600000.00,'SCHEDULED',34,3,5,'2025-04-10 19:00:10','2025-04-10 19:00:10'),(428,'2025-04-26 07:00:00','2025-04-27 13:00:00','STANDARD',600000.00,'SCHEDULED',34,3,5,'2025-04-10 19:00:10','2025-04-10 19:00:10'),(429,'2025-04-27 07:00:00','2025-04-28 13:00:00','STANDARD',600000.00,'SCHEDULED',34,3,5,'2025-04-10 19:00:10','2025-04-10 19:00:10'),(430,'2025-04-28 07:00:00','2025-04-29 13:00:00','STANDARD',600000.00,'SCHEDULED',34,3,5,'2025-04-10 19:00:10','2025-04-10 19:00:10'),(431,'2025-04-29 07:00:00','2025-04-30 13:00:00','STANDARD',600000.00,'SCHEDULED',34,3,5,'2025-04-10 19:00:10','2025-04-10 19:00:10'),(432,'2025-04-30 07:00:00','2025-05-01 13:00:00','STANDARD',600000.00,'SCHEDULED',34,3,5,'2025-04-10 19:00:10','2025-04-10 19:00:10'),(433,'2025-05-01 07:00:00','2025-05-02 13:00:00','STANDARD',600000.00,'SCHEDULED',34,3,5,'2025-04-10 19:00:10','2025-04-10 19:00:10'),(434,'2025-05-02 07:00:00','2025-05-03 13:00:00','STANDARD',600000.00,'SCHEDULED',34,3,5,'2025-04-10 19:00:10','2025-04-10 19:00:10'),(435,'2025-05-03 07:00:00','2025-05-04 13:00:00','STANDARD',600000.00,'SCHEDULED',34,3,5,'2025-04-10 19:00:10','2025-04-10 19:00:10'),(436,'2025-05-04 07:00:00','2025-05-05 13:00:00','STANDARD',600000.00,'SCHEDULED',34,3,5,'2025-04-10 19:00:10','2025-04-10 19:00:10'),(437,'2025-05-05 07:00:00','2025-05-06 13:00:00','STANDARD',600000.00,'SCHEDULED',34,3,5,'2025-04-10 19:00:10','2025-04-10 19:00:10'),(438,'2025-05-06 07:00:00','2025-05-07 13:00:00','STANDARD',600000.00,'SCHEDULED',34,3,5,'2025-04-10 19:00:10','2025-04-10 19:00:10'),(439,'2025-05-07 07:00:00','2025-05-08 13:00:00','STANDARD',600000.00,'SCHEDULED',34,3,5,'2025-04-10 19:00:10','2025-04-10 19:00:10'),(440,'2025-05-08 07:00:00','2025-05-09 13:00:00','STANDARD',600000.00,'SCHEDULED',34,3,5,'2025-04-10 19:00:10','2025-04-10 19:00:10'),(441,'2025-05-09 07:00:00','2025-05-10 13:00:00','STANDARD',600000.00,'SCHEDULED',34,3,5,'2025-04-10 19:00:10','2025-04-10 19:00:10'),(442,'2025-05-10 07:00:00','2025-05-11 13:00:00','STANDARD',600000.00,'SCHEDULED',34,3,5,'2025-04-10 19:00:10','2025-04-10 19:00:10'),(444,'2025-04-11 07:00:00','2025-04-12 13:00:00','VIP',900000.00,'SCHEDULED',37,3,5,'2025-04-10 19:00:10','2025-04-10 19:00:10'),(445,'2025-04-12 07:00:00','2025-04-13 13:00:00','VIP',900000.00,'SCHEDULED',37,3,5,'2025-04-10 19:00:10','2025-04-10 19:00:10'),(446,'2025-04-13 07:00:00','2025-04-14 13:00:00','VIP',900000.00,'SCHEDULED',37,3,5,'2025-04-10 19:00:10','2025-04-10 19:00:10'),(447,'2025-04-14 07:00:00','2025-04-15 13:00:00','VIP',900000.00,'SCHEDULED',37,3,5,'2025-04-10 19:00:10','2025-04-10 19:00:10'),(448,'2025-04-15 07:00:00','2025-04-16 13:00:00','VIP',900000.00,'SCHEDULED',37,3,5,'2025-04-10 19:00:10','2025-04-10 19:00:10'),(449,'2025-04-16 07:00:00','2025-04-17 13:00:00','VIP',900000.00,'SCHEDULED',37,3,5,'2025-04-10 19:00:10','2025-04-10 19:00:10'),(450,'2025-04-17 07:00:00','2025-04-18 13:00:00','VIP',900000.00,'SCHEDULED',37,3,5,'2025-04-10 19:00:10','2025-04-10 19:00:10'),(451,'2025-04-18 07:00:00','2025-04-19 13:00:00','VIP',900000.00,'SCHEDULED',37,3,5,'2025-04-10 19:00:10','2025-04-10 19:00:10'),(452,'2025-04-19 07:00:00','2025-04-20 13:00:00','VIP',900000.00,'SCHEDULED',37,3,5,'2025-04-10 19:00:10','2025-04-10 19:00:10'),(453,'2025-04-20 07:00:00','2025-04-21 13:00:00','VIP',900000.00,'SCHEDULED',37,3,5,'2025-04-10 19:00:10','2025-04-10 19:00:10'),(454,'2025-04-21 07:00:00','2025-04-22 13:00:00','VIP',900000.00,'SCHEDULED',37,3,5,'2025-04-10 19:00:10','2025-04-10 19:00:10'),(455,'2025-04-22 07:00:00','2025-04-23 13:00:00','VIP',900000.00,'SCHEDULED',37,3,5,'2025-04-10 19:00:10','2025-04-10 19:00:10'),(456,'2025-04-23 07:00:00','2025-04-24 13:00:00','VIP',900000.00,'SCHEDULED',37,3,5,'2025-04-10 19:00:10','2025-04-10 19:00:10'),(457,'2025-04-24 07:00:00','2025-04-25 13:00:00','VIP',900000.00,'SCHEDULED',37,3,5,'2025-04-10 19:00:10','2025-04-10 19:00:10'),(458,'2025-04-25 07:00:00','2025-04-26 13:00:00','VIP',900000.00,'SCHEDULED',37,3,5,'2025-04-10 19:00:10','2025-04-10 19:00:10'),(459,'2025-04-26 07:00:00','2025-04-27 13:00:00','VIP',900000.00,'SCHEDULED',37,3,5,'2025-04-10 19:00:10','2025-04-10 19:00:10'),(460,'2025-04-27 07:00:00','2025-04-28 13:00:00','VIP',900000.00,'SCHEDULED',37,3,5,'2025-04-10 19:00:10','2025-04-10 19:00:10'),(461,'2025-04-28 07:00:00','2025-04-29 13:00:00','VIP',900000.00,'SCHEDULED',37,3,5,'2025-04-10 19:00:10','2025-04-10 19:00:10'),(462,'2025-04-29 07:00:00','2025-04-30 13:00:00','VIP',900000.00,'SCHEDULED',37,3,5,'2025-04-10 19:00:10','2025-04-10 19:00:10'),(463,'2025-04-30 07:00:00','2025-05-01 13:00:00','VIP',900000.00,'SCHEDULED',37,3,5,'2025-04-10 19:00:10','2025-04-10 19:00:10'),(464,'2025-05-01 07:00:00','2025-05-02 13:00:00','VIP',900000.00,'SCHEDULED',37,3,5,'2025-04-10 19:00:10','2025-04-10 19:00:10'),(465,'2025-05-02 07:00:00','2025-05-03 13:00:00','VIP',900000.00,'SCHEDULED',37,3,5,'2025-04-10 19:00:10','2025-04-10 19:00:10'),(466,'2025-05-03 07:00:00','2025-05-04 13:00:00','VIP',900000.00,'SCHEDULED',37,3,5,'2025-04-10 19:00:10','2025-04-10 19:00:10'),(467,'2025-05-04 07:00:00','2025-05-05 13:00:00','VIP',900000.00,'SCHEDULED',37,3,5,'2025-04-10 19:00:10','2025-04-10 19:00:10'),(468,'2025-05-05 07:00:00','2025-05-06 13:00:00','VIP',900000.00,'SCHEDULED',37,3,5,'2025-04-10 19:00:10','2025-04-10 19:00:10'),(469,'2025-05-06 07:00:00','2025-05-07 13:00:00','VIP',900000.00,'SCHEDULED',37,3,5,'2025-04-10 19:00:10','2025-04-10 19:00:10'),(470,'2025-05-07 07:00:00','2025-05-08 13:00:00','VIP',900000.00,'SCHEDULED',37,3,5,'2025-04-10 19:00:10','2025-04-10 19:00:10'),(471,'2025-05-08 07:00:00','2025-05-09 13:00:00','VIP',900000.00,'SCHEDULED',37,3,5,'2025-04-10 19:00:10','2025-04-10 19:00:10'),(472,'2025-05-09 07:00:00','2025-05-10 13:00:00','VIP',900000.00,'SCHEDULED',37,3,5,'2025-04-10 19:00:10','2025-04-10 19:00:10'),(473,'2025-05-10 07:00:00','2025-05-11 13:00:00','VIP',900000.00,'SCHEDULED',37,3,5,'2025-04-10 19:00:10','2025-04-10 19:00:10'),(475,'2025-04-11 09:00:00','2025-04-12 15:00:00','STANDARD',600000.00,'SCHEDULED',34,5,3,'2025-04-10 19:00:10','2025-04-10 19:00:10'),(476,'2025-04-12 09:00:00','2025-04-13 15:00:00','STANDARD',600000.00,'SCHEDULED',34,5,3,'2025-04-10 19:00:10','2025-04-10 19:00:10'),(477,'2025-04-13 09:00:00','2025-04-14 15:00:00','STANDARD',600000.00,'SCHEDULED',34,5,3,'2025-04-10 19:00:10','2025-04-10 19:00:10'),(478,'2025-04-14 09:00:00','2025-04-15 15:00:00','STANDARD',600000.00,'SCHEDULED',34,5,3,'2025-04-10 19:00:10','2025-04-10 19:00:10'),(479,'2025-04-15 09:00:00','2025-04-16 15:00:00','STANDARD',600000.00,'SCHEDULED',34,5,3,'2025-04-10 19:00:10','2025-04-10 19:00:10'),(480,'2025-04-16 09:00:00','2025-04-17 15:00:00','STANDARD',600000.00,'SCHEDULED',34,5,3,'2025-04-10 19:00:10','2025-04-10 19:00:10'),(481,'2025-04-17 09:00:00','2025-04-18 15:00:00','STANDARD',600000.00,'SCHEDULED',34,5,3,'2025-04-10 19:00:10','2025-04-10 19:00:10'),(482,'2025-04-18 09:00:00','2025-04-19 15:00:00','STANDARD',600000.00,'SCHEDULED',34,5,3,'2025-04-10 19:00:10','2025-04-10 19:00:10'),(483,'2025-04-19 09:00:00','2025-04-20 15:00:00','STANDARD',600000.00,'SCHEDULED',34,5,3,'2025-04-10 19:00:10','2025-04-10 19:00:10'),(484,'2025-04-20 09:00:00','2025-04-21 15:00:00','STANDARD',600000.00,'SCHEDULED',34,5,3,'2025-04-10 19:00:10','2025-04-10 19:00:10'),(485,'2025-04-21 09:00:00','2025-04-22 15:00:00','STANDARD',600000.00,'SCHEDULED',34,5,3,'2025-04-10 19:00:10','2025-04-10 19:00:10'),(486,'2025-04-22 09:00:00','2025-04-23 15:00:00','STANDARD',600000.00,'SCHEDULED',34,5,3,'2025-04-10 19:00:10','2025-04-10 19:00:10'),(487,'2025-04-23 09:00:00','2025-04-24 15:00:00','STANDARD',600000.00,'SCHEDULED',34,5,3,'2025-04-10 19:00:10','2025-04-10 19:00:10'),(488,'2025-04-24 09:00:00','2025-04-25 15:00:00','STANDARD',600000.00,'SCHEDULED',34,5,3,'2025-04-10 19:00:10','2025-04-10 19:00:10'),(489,'2025-04-25 09:00:00','2025-04-26 15:00:00','STANDARD',600000.00,'SCHEDULED',34,5,3,'2025-04-10 19:00:10','2025-04-10 19:00:10'),(490,'2025-04-26 09:00:00','2025-04-27 15:00:00','STANDARD',600000.00,'SCHEDULED',34,5,3,'2025-04-10 19:00:10','2025-04-10 19:00:10'),(491,'2025-04-27 09:00:00','2025-04-28 15:00:00','STANDARD',600000.00,'SCHEDULED',34,5,3,'2025-04-10 19:00:10','2025-04-10 19:00:10'),(492,'2025-04-28 09:00:00','2025-04-29 15:00:00','STANDARD',600000.00,'SCHEDULED',34,5,3,'2025-04-10 19:00:10','2025-04-10 19:00:10'),(493,'2025-04-29 09:00:00','2025-04-30 15:00:00','STANDARD',600000.00,'SCHEDULED',34,5,3,'2025-04-10 19:00:10','2025-04-10 19:00:10'),(494,'2025-04-30 09:00:00','2025-05-01 15:00:00','STANDARD',600000.00,'SCHEDULED',34,5,3,'2025-04-10 19:00:10','2025-04-10 19:00:10'),(495,'2025-05-01 09:00:00','2025-05-02 15:00:00','STANDARD',600000.00,'SCHEDULED',34,5,3,'2025-04-10 19:00:10','2025-04-10 19:00:10'),(496,'2025-05-02 09:00:00','2025-05-03 15:00:00','STANDARD',600000.00,'SCHEDULED',34,5,3,'2025-04-10 19:00:10','2025-04-10 19:00:10'),(497,'2025-05-03 09:00:00','2025-05-04 15:00:00','STANDARD',600000.00,'SCHEDULED',34,5,3,'2025-04-10 19:00:10','2025-04-10 19:00:10'),(498,'2025-05-04 09:00:00','2025-05-05 15:00:00','STANDARD',600000.00,'SCHEDULED',34,5,3,'2025-04-10 19:00:10','2025-04-10 19:00:10'),(499,'2025-05-05 09:00:00','2025-05-06 15:00:00','STANDARD',600000.00,'SCHEDULED',34,5,3,'2025-04-10 19:00:10','2025-04-10 19:00:10'),(500,'2025-05-06 09:00:00','2025-05-07 15:00:00','STANDARD',600000.00,'SCHEDULED',34,5,3,'2025-04-10 19:00:10','2025-04-10 19:00:10'),(501,'2025-05-07 09:00:00','2025-05-08 15:00:00','STANDARD',600000.00,'SCHEDULED',34,5,3,'2025-04-10 19:00:10','2025-04-10 19:00:10'),(502,'2025-05-08 09:00:00','2025-05-09 15:00:00','STANDARD',600000.00,'SCHEDULED',34,5,3,'2025-04-10 19:00:10','2025-04-10 19:00:10'),(503,'2025-05-09 09:00:00','2025-05-10 15:00:00','STANDARD',600000.00,'SCHEDULED',34,5,3,'2025-04-10 19:00:10','2025-04-10 19:00:10'),(504,'2025-05-10 09:00:00','2025-05-11 15:00:00','STANDARD',600000.00,'SCHEDULED',34,5,3,'2025-04-10 19:00:10','2025-04-10 19:00:10'),(506,'2025-04-11 09:00:00','2025-04-12 15:00:00','VIP',900000.00,'SCHEDULED',37,5,3,'2025-04-10 19:00:10','2025-04-10 19:00:10'),(507,'2025-04-12 09:00:00','2025-04-13 15:00:00','VIP',900000.00,'SCHEDULED',37,5,3,'2025-04-10 19:00:10','2025-04-10 19:00:10'),(508,'2025-04-13 09:00:00','2025-04-14 15:00:00','VIP',900000.00,'SCHEDULED',37,5,3,'2025-04-10 19:00:10','2025-04-10 19:00:10'),(509,'2025-04-14 09:00:00','2025-04-15 15:00:00','VIP',900000.00,'SCHEDULED',37,5,3,'2025-04-10 19:00:10','2025-04-10 19:00:10'),(510,'2025-04-15 09:00:00','2025-04-16 15:00:00','VIP',900000.00,'SCHEDULED',37,5,3,'2025-04-10 19:00:10','2025-04-10 19:00:10'),(511,'2025-04-16 09:00:00','2025-04-17 15:00:00','VIP',900000.00,'SCHEDULED',37,5,3,'2025-04-10 19:00:10','2025-04-10 19:00:10'),(512,'2025-04-17 09:00:00','2025-04-18 15:00:00','VIP',900000.00,'SCHEDULED',37,5,3,'2025-04-10 19:00:10','2025-04-10 19:00:10'),(513,'2025-04-18 09:00:00','2025-04-19 15:00:00','VIP',900000.00,'SCHEDULED',37,5,3,'2025-04-10 19:00:10','2025-04-10 19:00:10'),(514,'2025-04-19 09:00:00','2025-04-20 15:00:00','VIP',900000.00,'SCHEDULED',37,5,3,'2025-04-10 19:00:10','2025-04-10 19:00:10'),(515,'2025-04-20 09:00:00','2025-04-21 15:00:00','VIP',900000.00,'SCHEDULED',37,5,3,'2025-04-10 19:00:10','2025-04-10 19:00:10'),(516,'2025-04-21 09:00:00','2025-04-22 15:00:00','VIP',900000.00,'SCHEDULED',37,5,3,'2025-04-10 19:00:10','2025-04-10 19:00:10'),(517,'2025-04-22 09:00:00','2025-04-23 15:00:00','VIP',900000.00,'SCHEDULED',37,5,3,'2025-04-10 19:00:10','2025-04-10 19:00:10'),(518,'2025-04-23 09:00:00','2025-04-24 15:00:00','VIP',900000.00,'SCHEDULED',37,5,3,'2025-04-10 19:00:10','2025-04-10 19:00:10'),(519,'2025-04-24 09:00:00','2025-04-25 15:00:00','VIP',900000.00,'SCHEDULED',37,5,3,'2025-04-10 19:00:10','2025-04-10 19:00:10'),(520,'2025-04-25 09:00:00','2025-04-26 15:00:00','VIP',900000.00,'SCHEDULED',37,5,3,'2025-04-10 19:00:10','2025-04-10 19:00:10'),(521,'2025-04-26 09:00:00','2025-04-27 15:00:00','VIP',900000.00,'SCHEDULED',37,5,3,'2025-04-10 19:00:10','2025-04-10 19:00:10'),(522,'2025-04-27 09:00:00','2025-04-28 15:00:00','VIP',900000.00,'SCHEDULED',37,5,3,'2025-04-10 19:00:10','2025-04-10 19:00:10'),(523,'2025-04-28 09:00:00','2025-04-29 15:00:00','VIP',900000.00,'SCHEDULED',37,5,3,'2025-04-10 19:00:10','2025-04-10 19:00:10'),(524,'2025-04-29 09:00:00','2025-04-30 15:00:00','VIP',900000.00,'SCHEDULED',37,5,3,'2025-04-10 19:00:10','2025-04-10 19:00:10'),(525,'2025-04-30 09:00:00','2025-05-01 15:00:00','VIP',900000.00,'SCHEDULED',37,5,3,'2025-04-10 19:00:10','2025-04-10 19:00:10'),(526,'2025-05-01 09:00:00','2025-05-02 15:00:00','VIP',900000.00,'SCHEDULED',37,5,3,'2025-04-10 19:00:10','2025-04-10 19:00:10'),(527,'2025-05-02 09:00:00','2025-05-03 15:00:00','VIP',900000.00,'SCHEDULED',37,5,3,'2025-04-10 19:00:10','2025-04-10 19:00:10'),(528,'2025-05-03 09:00:00','2025-05-04 15:00:00','VIP',900000.00,'SCHEDULED',37,5,3,'2025-04-10 19:00:10','2025-04-10 19:00:10'),(529,'2025-05-04 09:00:00','2025-05-05 15:00:00','VIP',900000.00,'SCHEDULED',37,5,3,'2025-04-10 19:00:10','2025-04-10 19:00:10'),(530,'2025-05-05 09:00:00','2025-05-06 15:00:00','VIP',900000.00,'SCHEDULED',37,5,3,'2025-04-10 19:00:10','2025-04-10 19:00:10'),(531,'2025-05-06 09:00:00','2025-05-07 15:00:00','VIP',900000.00,'SCHEDULED',37,5,3,'2025-04-10 19:00:10','2025-04-10 19:00:10'),(532,'2025-05-07 09:00:00','2025-05-08 15:00:00','VIP',900000.00,'SCHEDULED',37,5,3,'2025-04-10 19:00:10','2025-04-10 19:00:10'),(533,'2025-05-08 09:00:00','2025-05-09 15:00:00','VIP',900000.00,'SCHEDULED',37,5,3,'2025-04-10 19:00:10','2025-04-10 19:00:10'),(534,'2025-05-09 09:00:00','2025-05-10 15:00:00','VIP',900000.00,'SCHEDULED',37,5,3,'2025-04-10 19:00:10','2025-04-10 19:00:10'),(535,'2025-05-10 09:00:00','2025-05-11 15:00:00','VIP',900000.00,'SCHEDULED',37,5,3,'2025-04-10 19:00:10','2025-04-10 19:00:10'),(537,'2025-04-11 07:00:00','2025-04-11 17:00:00','STANDARD',350000.00,'SCHEDULED',34,3,4,'2025-04-10 19:00:10','2025-04-10 19:00:10'),(538,'2025-04-12 07:00:00','2025-04-12 17:00:00','STANDARD',350000.00,'SCHEDULED',34,3,4,'2025-04-10 19:00:10','2025-04-10 19:00:10'),(539,'2025-04-13 07:00:00','2025-04-13 17:00:00','STANDARD',350000.00,'SCHEDULED',34,3,4,'2025-04-10 19:00:10','2025-04-10 19:00:10'),(540,'2025-04-14 07:00:00','2025-04-14 17:00:00','STANDARD',350000.00,'SCHEDULED',34,3,4,'2025-04-10 19:00:10','2025-04-10 19:00:10'),(541,'2025-04-15 07:00:00','2025-04-15 17:00:00','STANDARD',350000.00,'SCHEDULED',34,3,4,'2025-04-10 19:00:10','2025-04-10 19:00:10'),(542,'2025-04-16 07:00:00','2025-04-16 17:00:00','STANDARD',350000.00,'SCHEDULED',34,3,4,'2025-04-10 19:00:10','2025-04-10 19:00:10'),(543,'2025-04-17 07:00:00','2025-04-17 17:00:00','STANDARD',350000.00,'SCHEDULED',34,3,4,'2025-04-10 19:00:10','2025-04-10 19:00:10'),(544,'2025-04-18 07:00:00','2025-04-18 17:00:00','STANDARD',350000.00,'SCHEDULED',34,3,4,'2025-04-10 19:00:10','2025-04-10 19:00:10'),(545,'2025-04-19 07:00:00','2025-04-19 17:00:00','STANDARD',350000.00,'SCHEDULED',34,3,4,'2025-04-10 19:00:10','2025-04-10 19:00:10'),(546,'2025-04-20 07:00:00','2025-04-20 17:00:00','STANDARD',350000.00,'SCHEDULED',34,3,4,'2025-04-10 19:00:10','2025-04-10 19:00:10'),(547,'2025-04-21 07:00:00','2025-04-21 17:00:00','STANDARD',350000.00,'SCHEDULED',34,3,4,'2025-04-10 19:00:10','2025-04-10 19:00:10'),(548,'2025-04-22 07:00:00','2025-04-22 17:00:00','STANDARD',350000.00,'SCHEDULED',34,3,4,'2025-04-10 19:00:10','2025-04-10 19:00:10'),(549,'2025-04-23 07:00:00','2025-04-23 17:00:00','STANDARD',350000.00,'SCHEDULED',34,3,4,'2025-04-10 19:00:10','2025-04-10 19:00:10'),(550,'2025-04-24 07:00:00','2025-04-24 17:00:00','STANDARD',350000.00,'SCHEDULED',34,3,4,'2025-04-10 19:00:10','2025-04-10 19:00:10'),(551,'2025-04-25 07:00:00','2025-04-25 17:00:00','STANDARD',350000.00,'SCHEDULED',34,3,4,'2025-04-10 19:00:10','2025-04-10 19:00:10'),(552,'2025-04-26 07:00:00','2025-04-26 17:00:00','STANDARD',350000.00,'SCHEDULED',34,3,4,'2025-04-10 19:00:10','2025-04-10 19:00:10'),(553,'2025-04-27 07:00:00','2025-04-27 17:00:00','STANDARD',350000.00,'SCHEDULED',34,3,4,'2025-04-10 19:00:10','2025-04-10 19:00:10'),(554,'2025-04-28 07:00:00','2025-04-28 17:00:00','STANDARD',350000.00,'SCHEDULED',34,3,4,'2025-04-10 19:00:10','2025-04-10 19:00:10'),(555,'2025-04-29 07:00:00','2025-04-29 17:00:00','STANDARD',350000.00,'SCHEDULED',34,3,4,'2025-04-10 19:00:10','2025-04-10 19:00:10'),(556,'2025-04-30 07:00:00','2025-04-30 17:00:00','STANDARD',350000.00,'SCHEDULED',34,3,4,'2025-04-10 19:00:10','2025-04-10 19:00:10'),(557,'2025-05-01 07:00:00','2025-05-01 17:00:00','STANDARD',350000.00,'SCHEDULED',34,3,4,'2025-04-10 19:00:10','2025-04-10 19:00:10'),(558,'2025-05-02 07:00:00','2025-05-02 17:00:00','STANDARD',350000.00,'SCHEDULED',34,3,4,'2025-04-10 19:00:10','2025-04-10 19:00:10'),(559,'2025-05-03 07:00:00','2025-05-03 17:00:00','STANDARD',350000.00,'SCHEDULED',34,3,4,'2025-04-10 19:00:10','2025-04-10 19:00:10'),(560,'2025-05-04 07:00:00','2025-05-04 17:00:00','STANDARD',350000.00,'SCHEDULED',34,3,4,'2025-04-10 19:00:10','2025-04-10 19:00:10'),(561,'2025-05-05 07:00:00','2025-05-05 17:00:00','STANDARD',350000.00,'SCHEDULED',34,3,4,'2025-04-10 19:00:10','2025-04-10 19:00:10'),(562,'2025-05-06 07:00:00','2025-05-06 17:00:00','STANDARD',350000.00,'SCHEDULED',34,3,4,'2025-04-10 19:00:10','2025-04-10 19:00:10'),(563,'2025-05-07 07:00:00','2025-05-07 17:00:00','STANDARD',350000.00,'SCHEDULED',34,3,4,'2025-04-10 19:00:10','2025-04-10 19:00:10'),(564,'2025-05-08 07:00:00','2025-05-08 17:00:00','STANDARD',350000.00,'SCHEDULED',34,3,4,'2025-04-10 19:00:10','2025-04-10 19:00:10'),(565,'2025-05-09 07:00:00','2025-05-09 17:00:00','STANDARD',350000.00,'SCHEDULED',34,3,4,'2025-04-10 19:00:10','2025-04-10 19:00:10'),(566,'2025-05-10 07:00:00','2025-05-10 17:00:00','STANDARD',350000.00,'SCHEDULED',34,3,4,'2025-04-10 19:00:10','2025-04-10 19:00:10'),(568,'2025-04-11 07:00:00','2025-04-11 17:00:00','VIP',500000.00,'SCHEDULED',37,3,4,'2025-04-10 19:00:10','2025-04-10 19:00:10'),(569,'2025-04-12 07:00:00','2025-04-12 17:00:00','VIP',500000.00,'SCHEDULED',37,3,4,'2025-04-10 19:00:10','2025-04-10 19:00:10'),(570,'2025-04-13 07:00:00','2025-04-13 17:00:00','VIP',500000.00,'SCHEDULED',37,3,4,'2025-04-10 19:00:10','2025-04-10 19:00:10'),(571,'2025-04-14 07:00:00','2025-04-14 17:00:00','VIP',500000.00,'SCHEDULED',37,3,4,'2025-04-10 19:00:10','2025-04-10 19:00:10'),(572,'2025-04-15 07:00:00','2025-04-15 17:00:00','VIP',500000.00,'SCHEDULED',37,3,4,'2025-04-10 19:00:10','2025-04-10 19:00:10'),(573,'2025-04-16 07:00:00','2025-04-16 17:00:00','VIP',500000.00,'SCHEDULED',37,3,4,'2025-04-10 19:00:10','2025-04-10 19:00:10'),(574,'2025-04-17 07:00:00','2025-04-17 17:00:00','VIP',500000.00,'SCHEDULED',37,3,4,'2025-04-10 19:00:10','2025-04-10 19:00:10'),(575,'2025-04-18 07:00:00','2025-04-18 17:00:00','VIP',500000.00,'SCHEDULED',37,3,4,'2025-04-10 19:00:10','2025-04-10 19:00:10'),(576,'2025-04-19 07:00:00','2025-04-19 17:00:00','VIP',500000.00,'SCHEDULED',37,3,4,'2025-04-10 19:00:10','2025-04-10 19:00:10'),(577,'2025-04-20 07:00:00','2025-04-20 17:00:00','VIP',500000.00,'SCHEDULED',37,3,4,'2025-04-10 19:00:10','2025-04-10 19:00:10'),(578,'2025-04-21 07:00:00','2025-04-21 17:00:00','VIP',500000.00,'SCHEDULED',37,3,4,'2025-04-10 19:00:10','2025-04-10 19:00:10'),(579,'2025-04-22 07:00:00','2025-04-22 17:00:00','VIP',500000.00,'SCHEDULED',37,3,4,'2025-04-10 19:00:10','2025-04-10 19:00:10'),(580,'2025-04-23 07:00:00','2025-04-23 17:00:00','VIP',500000.00,'SCHEDULED',37,3,4,'2025-04-10 19:00:10','2025-04-10 19:00:10'),(581,'2025-04-24 07:00:00','2025-04-24 17:00:00','VIP',500000.00,'SCHEDULED',37,3,4,'2025-04-10 19:00:10','2025-04-10 19:00:10'),(582,'2025-04-25 07:00:00','2025-04-25 17:00:00','VIP',500000.00,'SCHEDULED',37,3,4,'2025-04-10 19:00:10','2025-04-10 19:00:10'),(583,'2025-04-26 07:00:00','2025-04-26 17:00:00','VIP',500000.00,'SCHEDULED',37,3,4,'2025-04-10 19:00:10','2025-04-10 19:00:10'),(584,'2025-04-27 07:00:00','2025-04-27 17:00:00','VIP',500000.00,'SCHEDULED',37,3,4,'2025-04-10 19:00:10','2025-04-10 19:00:10'),(585,'2025-04-28 07:00:00','2025-04-28 17:00:00','VIP',500000.00,'SCHEDULED',37,3,4,'2025-04-10 19:00:10','2025-04-10 19:00:10'),(586,'2025-04-29 07:00:00','2025-04-29 17:00:00','VIP',500000.00,'SCHEDULED',37,3,4,'2025-04-10 19:00:10','2025-04-10 19:00:10'),(587,'2025-04-30 07:00:00','2025-04-30 17:00:00','VIP',500000.00,'SCHEDULED',37,3,4,'2025-04-10 19:00:10','2025-04-10 19:00:10'),(588,'2025-05-01 07:00:00','2025-05-01 17:00:00','VIP',500000.00,'SCHEDULED',37,3,4,'2025-04-10 19:00:10','2025-04-10 19:00:10'),(589,'2025-05-02 07:00:00','2025-05-02 17:00:00','VIP',500000.00,'SCHEDULED',37,3,4,'2025-04-10 19:00:10','2025-04-10 19:00:10'),(590,'2025-05-03 07:00:00','2025-05-03 17:00:00','VIP',500000.00,'SCHEDULED',37,3,4,'2025-04-10 19:00:10','2025-04-10 19:00:10'),(591,'2025-05-04 07:00:00','2025-05-04 17:00:00','VIP',500000.00,'SCHEDULED',37,3,4,'2025-04-10 19:00:10','2025-04-10 19:00:10'),(592,'2025-05-05 07:00:00','2025-05-05 17:00:00','VIP',500000.00,'SCHEDULED',37,3,4,'2025-04-10 19:00:10','2025-04-10 19:00:10'),(593,'2025-05-06 07:00:00','2025-05-06 17:00:00','VIP',500000.00,'SCHEDULED',37,3,4,'2025-04-10 19:00:10','2025-04-10 19:00:10'),(594,'2025-05-07 07:00:00','2025-05-07 17:00:00','VIP',500000.00,'SCHEDULED',37,3,4,'2025-04-10 19:00:10','2025-04-10 19:00:10'),(595,'2025-05-08 07:00:00','2025-05-08 17:00:00','VIP',500000.00,'SCHEDULED',37,3,4,'2025-04-10 19:00:10','2025-04-10 19:00:10'),(596,'2025-05-09 07:00:00','2025-05-09 17:00:00','VIP',500000.00,'SCHEDULED',37,3,4,'2025-04-10 19:00:10','2025-04-10 19:00:10'),(597,'2025-05-10 07:00:00','2025-05-10 17:00:00','VIP',500000.00,'SCHEDULED',37,3,4,'2025-04-10 19:00:10','2025-04-10 19:00:10'),(599,'2025-04-11 08:00:00','2025-04-11 18:00:00','STANDARD',350000.00,'SCHEDULED',34,4,3,'2025-04-10 19:00:10','2025-04-10 19:00:10'),(600,'2025-04-12 08:00:00','2025-04-12 18:00:00','STANDARD',350000.00,'SCHEDULED',34,4,3,'2025-04-10 19:00:10','2025-04-10 19:00:10'),(601,'2025-04-13 08:00:00','2025-04-13 18:00:00','STANDARD',350000.00,'SCHEDULED',34,4,3,'2025-04-10 19:00:10','2025-04-10 19:00:10'),(602,'2025-04-14 08:00:00','2025-04-14 18:00:00','STANDARD',350000.00,'SCHEDULED',34,4,3,'2025-04-10 19:00:10','2025-04-10 19:00:10'),(603,'2025-04-15 08:00:00','2025-04-15 18:00:00','STANDARD',350000.00,'SCHEDULED',34,4,3,'2025-04-10 19:00:10','2025-04-10 19:00:10'),(604,'2025-04-16 08:00:00','2025-04-16 18:00:00','STANDARD',350000.00,'SCHEDULED',34,4,3,'2025-04-10 19:00:10','2025-04-10 19:00:10'),(605,'2025-04-17 08:00:00','2025-04-17 18:00:00','STANDARD',350000.00,'SCHEDULED',34,4,3,'2025-04-10 19:00:10','2025-04-10 19:00:10'),(606,'2025-04-18 08:00:00','2025-04-18 18:00:00','STANDARD',350000.00,'SCHEDULED',34,4,3,'2025-04-10 19:00:10','2025-04-10 19:00:10'),(607,'2025-04-19 08:00:00','2025-04-19 18:00:00','STANDARD',350000.00,'SCHEDULED',34,4,3,'2025-04-10 19:00:10','2025-04-10 19:00:10'),(608,'2025-04-20 08:00:00','2025-04-20 18:00:00','STANDARD',350000.00,'SCHEDULED',34,4,3,'2025-04-10 19:00:10','2025-04-10 19:00:10'),(609,'2025-04-21 08:00:00','2025-04-21 18:00:00','STANDARD',350000.00,'SCHEDULED',34,4,3,'2025-04-10 19:00:10','2025-04-10 19:00:10'),(610,'2025-04-22 08:00:00','2025-04-22 18:00:00','STANDARD',350000.00,'SCHEDULED',34,4,3,'2025-04-10 19:00:10','2025-04-10 19:00:10'),(611,'2025-04-23 08:00:00','2025-04-23 18:00:00','STANDARD',350000.00,'SCHEDULED',34,4,3,'2025-04-10 19:00:10','2025-04-10 19:00:10'),(612,'2025-04-24 08:00:00','2025-04-24 18:00:00','STANDARD',350000.00,'SCHEDULED',34,4,3,'2025-04-10 19:00:10','2025-04-10 19:00:10'),(613,'2025-04-25 08:00:00','2025-04-25 18:00:00','STANDARD',350000.00,'SCHEDULED',34,4,3,'2025-04-10 19:00:10','2025-04-10 19:00:10'),(614,'2025-04-26 08:00:00','2025-04-26 18:00:00','STANDARD',350000.00,'SCHEDULED',34,4,3,'2025-04-10 19:00:10','2025-04-10 19:00:10'),(615,'2025-04-27 08:00:00','2025-04-27 18:00:00','STANDARD',350000.00,'SCHEDULED',34,4,3,'2025-04-10 19:00:10','2025-04-10 19:00:10'),(616,'2025-04-28 08:00:00','2025-04-28 18:00:00','STANDARD',350000.00,'SCHEDULED',34,4,3,'2025-04-10 19:00:10','2025-04-10 19:00:10'),(617,'2025-04-29 08:00:00','2025-04-29 18:00:00','STANDARD',350000.00,'SCHEDULED',34,4,3,'2025-04-10 19:00:10','2025-04-10 19:00:10'),(618,'2025-04-30 08:00:00','2025-04-30 18:00:00','STANDARD',350000.00,'SCHEDULED',34,4,3,'2025-04-10 19:00:10','2025-04-10 19:00:10'),(619,'2025-05-01 08:00:00','2025-05-01 18:00:00','STANDARD',350000.00,'SCHEDULED',34,4,3,'2025-04-10 19:00:10','2025-04-10 19:00:10'),(620,'2025-05-02 08:00:00','2025-05-02 18:00:00','STANDARD',350000.00,'SCHEDULED',34,4,3,'2025-04-10 19:00:10','2025-04-10 19:00:10'),(621,'2025-05-03 08:00:00','2025-05-03 18:00:00','STANDARD',350000.00,'SCHEDULED',34,4,3,'2025-04-10 19:00:10','2025-04-10 19:00:10'),(622,'2025-05-04 08:00:00','2025-05-04 18:00:00','STANDARD',350000.00,'SCHEDULED',34,4,3,'2025-04-10 19:00:10','2025-04-10 19:00:10'),(623,'2025-05-05 08:00:00','2025-05-05 18:00:00','STANDARD',350000.00,'SCHEDULED',34,4,3,'2025-04-10 19:00:10','2025-04-10 19:00:10'),(624,'2025-05-06 08:00:00','2025-05-06 18:00:00','STANDARD',350000.00,'SCHEDULED',34,4,3,'2025-04-10 19:00:10','2025-04-10 19:00:10'),(625,'2025-05-07 08:00:00','2025-05-07 18:00:00','STANDARD',350000.00,'SCHEDULED',34,4,3,'2025-04-10 19:00:10','2025-04-10 19:00:10'),(626,'2025-05-08 08:00:00','2025-05-08 18:00:00','STANDARD',350000.00,'SCHEDULED',34,4,3,'2025-04-10 19:00:10','2025-04-10 19:00:10'),(627,'2025-05-09 08:00:00','2025-05-09 18:00:00','STANDARD',350000.00,'SCHEDULED',34,4,3,'2025-04-10 19:00:10','2025-04-10 19:00:10'),(628,'2025-05-10 08:00:00','2025-05-10 18:00:00','STANDARD',350000.00,'SCHEDULED',34,4,3,'2025-04-10 19:00:10','2025-04-10 19:00:10'),(630,'2025-04-11 08:00:00','2025-04-11 18:00:00','VIP',500000.00,'SCHEDULED',37,4,3,'2025-04-10 19:00:10','2025-04-10 19:00:10'),(631,'2025-04-12 08:00:00','2025-04-12 18:00:00','VIP',500000.00,'SCHEDULED',37,4,3,'2025-04-10 19:00:10','2025-04-10 19:00:10'),(632,'2025-04-13 08:00:00','2025-04-13 18:00:00','VIP',500000.00,'SCHEDULED',37,4,3,'2025-04-10 19:00:10','2025-04-10 19:00:10'),(633,'2025-04-14 08:00:00','2025-04-14 18:00:00','VIP',500000.00,'SCHEDULED',37,4,3,'2025-04-10 19:00:10','2025-04-10 19:00:10'),(634,'2025-04-15 08:00:00','2025-04-15 18:00:00','VIP',500000.00,'SCHEDULED',37,4,3,'2025-04-10 19:00:10','2025-04-10 19:00:10'),(635,'2025-04-16 08:00:00','2025-04-16 18:00:00','VIP',500000.00,'SCHEDULED',37,4,3,'2025-04-10 19:00:10','2025-04-10 19:00:10'),(636,'2025-04-17 08:00:00','2025-04-17 18:00:00','VIP',500000.00,'SCHEDULED',37,4,3,'2025-04-10 19:00:10','2025-04-10 19:00:10'),(637,'2025-04-18 08:00:00','2025-04-18 18:00:00','VIP',500000.00,'SCHEDULED',37,4,3,'2025-04-10 19:00:10','2025-04-10 19:00:10'),(638,'2025-04-19 08:00:00','2025-04-19 18:00:00','VIP',500000.00,'SCHEDULED',37,4,3,'2025-04-10 19:00:10','2025-04-10 19:00:10'),(639,'2025-04-20 08:00:00','2025-04-20 18:00:00','VIP',500000.00,'SCHEDULED',37,4,3,'2025-04-10 19:00:10','2025-04-10 19:00:10'),(640,'2025-04-21 08:00:00','2025-04-21 18:00:00','VIP',500000.00,'SCHEDULED',37,4,3,'2025-04-10 19:00:10','2025-04-10 19:00:10'),(641,'2025-04-22 08:00:00','2025-04-22 18:00:00','VIP',500000.00,'SCHEDULED',37,4,3,'2025-04-10 19:00:10','2025-04-10 19:00:10'),(642,'2025-04-23 08:00:00','2025-04-23 18:00:00','VIP',500000.00,'SCHEDULED',37,4,3,'2025-04-10 19:00:10','2025-04-10 19:00:10'),(643,'2025-04-24 08:00:00','2025-04-24 18:00:00','VIP',500000.00,'SCHEDULED',37,4,3,'2025-04-10 19:00:10','2025-04-10 19:00:10'),(644,'2025-04-25 08:00:00','2025-04-25 18:00:00','VIP',500000.00,'SCHEDULED',37,4,3,'2025-04-10 19:00:10','2025-04-10 19:00:10'),(645,'2025-04-26 08:00:00','2025-04-26 18:00:00','VIP',500000.00,'SCHEDULED',37,4,3,'2025-04-10 19:00:10','2025-04-10 19:00:10'),(646,'2025-04-27 08:00:00','2025-04-27 18:00:00','VIP',500000.00,'SCHEDULED',37,4,3,'2025-04-10 19:00:10','2025-04-10 19:00:10'),(647,'2025-04-28 08:00:00','2025-04-28 18:00:00','VIP',500000.00,'SCHEDULED',37,4,3,'2025-04-10 19:00:10','2025-04-10 19:00:10'),(648,'2025-04-29 08:00:00','2025-04-29 18:00:00','VIP',500000.00,'SCHEDULED',37,4,3,'2025-04-10 19:00:10','2025-04-10 19:00:10'),(649,'2025-04-30 08:00:00','2025-04-30 18:00:00','VIP',500000.00,'SCHEDULED',37,4,3,'2025-04-10 19:00:10','2025-04-10 19:00:10'),(650,'2025-05-01 08:00:00','2025-05-01 18:00:00','VIP',500000.00,'SCHEDULED',37,4,3,'2025-04-10 19:00:10','2025-04-10 19:00:10'),(651,'2025-05-02 08:00:00','2025-05-02 18:00:00','VIP',500000.00,'SCHEDULED',37,4,3,'2025-04-10 19:00:10','2025-04-10 19:00:10'),(652,'2025-05-03 08:00:00','2025-05-03 18:00:00','VIP',500000.00,'SCHEDULED',37,4,3,'2025-04-10 19:00:10','2025-04-10 19:00:10'),(653,'2025-05-04 08:00:00','2025-05-04 18:00:00','VIP',500000.00,'SCHEDULED',37,4,3,'2025-04-10 19:00:10','2025-04-10 19:00:10'),(654,'2025-05-05 08:00:00','2025-05-05 18:00:00','VIP',500000.00,'SCHEDULED',37,4,3,'2025-04-10 19:00:10','2025-04-10 19:00:10'),(655,'2025-05-06 08:00:00','2025-05-06 18:00:00','VIP',500000.00,'SCHEDULED',37,4,3,'2025-04-10 19:00:10','2025-04-10 19:00:10'),(656,'2025-05-07 08:00:00','2025-05-07 18:00:00','VIP',500000.00,'SCHEDULED',37,4,3,'2025-04-10 19:00:10','2025-04-10 19:00:10'),(657,'2025-05-08 08:00:00','2025-05-08 18:00:00','VIP',500000.00,'SCHEDULED',37,4,3,'2025-04-10 19:00:10','2025-04-10 19:00:10'),(658,'2025-05-09 08:00:00','2025-05-09 18:00:00','VIP',500000.00,'SCHEDULED',37,4,3,'2025-04-10 19:00:10','2025-04-10 19:00:10'),(659,'2025-05-10 08:00:00','2025-05-10 18:00:00','VIP',500000.00,'SCHEDULED',37,4,3,'2025-04-10 19:00:10','2025-04-10 19:00:10');
/*!40000 ALTER TABLE `trip` ENABLE KEYS */;
UNLOCK TABLES;

--
-- Table structure for table `user`
--

DROP TABLE IF EXISTS `user`;
/*!40101 SET @saved_cs_client     = @@character_set_client */;
/*!50503 SET character_set_client = utf8mb4 */;
CREATE TABLE `user` (
  `id` int NOT NULL AUTO_INCREMENT,
  `gender` enum('MALE','FEMALE','OTHERS') DEFAULT NULL,
  `date_of_birth` datetime DEFAULT NULL,
  `password` varchar(255) NOT NULL,
  `profile_id` int DEFAULT NULL,
  `created_at` datetime NOT NULL,
  `updated_at` datetime NOT NULL,
  PRIMARY KEY (`id`),
  KEY `profile_id` (`profile_id`),
  CONSTRAINT `user_ibfk_1` FOREIGN KEY (`profile_id`) REFERENCES `profile` (`id`) ON UPDATE CASCADE
) ENGINE=InnoDB AUTO_INCREMENT=3 DEFAULT CHARSET=utf8mb4 COLLATE=utf8mb4_0900_ai_ci;
/*!40101 SET character_set_client = @saved_cs_client */;

--
-- Dumping data for table `user`
--

LOCK TABLES `user` WRITE;
/*!40000 ALTER TABLE `user` DISABLE KEYS */;
INSERT INTO `user` VALUES (1,NULL,NULL,'$2b$10$Cg6/j1TdGTXY5wjm85MN2.2IQlcTZ/.2nfiaeDQULGqHkvnj3tF1K',1,'2025-04-10 08:17:32','2025-04-10 08:17:32'),(2,NULL,NULL,'$2b$10$tGwNQ8QPWV89Mn.rDOyqL.HCB4YDWfaNSWIQrjiD7ni5P1A5qWzMG',2,'2025-04-10 08:18:26','2025-04-10 08:18:26');
/*!40000 ALTER TABLE `user` ENABLE KEYS */;
UNLOCK TABLES;

--
-- Table structure for table `vehicle`
--

DROP TABLE IF EXISTS `vehicle`;
/*!40101 SET @saved_cs_client     = @@character_set_client */;
/*!50503 SET character_set_client = utf8mb4 */;
CREATE TABLE `vehicle` (
  `id` int NOT NULL AUTO_INCREMENT,
  `license_plate` varchar(255) NOT NULL,
  `capacity` enum('Standard-34','VIP-20') NOT NULL,
  `status` enum('ACTIVE','INACTIVE') NOT NULL DEFAULT 'ACTIVE',
  `created_at` datetime NOT NULL,
  `updated_at` datetime NOT NULL,
  PRIMARY KEY (`id`),
  UNIQUE KEY `license_plate` (`license_plate`),
  UNIQUE KEY `license_plate_2` (`license_plate`),
  UNIQUE KEY `license_plate_3` (`license_plate`),
  UNIQUE KEY `license_plate_4` (`license_plate`),
  UNIQUE KEY `license_plate_5` (`license_plate`),
  UNIQUE KEY `license_plate_6` (`license_plate`)
) ENGINE=InnoDB AUTO_INCREMENT=40 DEFAULT CHARSET=utf8mb4 COLLATE=utf8mb4_0900_ai_ci;
/*!40101 SET character_set_client = @saved_cs_client */;

--
-- Dumping data for table `vehicle`
--

LOCK TABLES `vehicle` WRITE;
/*!40000 ALTER TABLE `vehicle` DISABLE KEYS */;
INSERT INTO `vehicle` VALUES (11,'29B-40567','Standard-34','ACTIVE','2025-04-10 18:28:28','2025-04-10 18:28:28'),(12,'29B-40568','Standard-34','ACTIVE','2025-04-10 18:28:28','2025-04-10 18:28:28'),(13,'29B-40569','Standard-34','ACTIVE','2025-04-10 18:28:28','2025-04-10 18:28:28'),(14,'29B-40570','VIP-20','ACTIVE','2025-04-10 18:28:28','2025-04-10 18:28:28'),(15,'29B-40571','VIP-20','ACTIVE','2025-04-10 18:28:28','2025-04-10 18:28:28'),(16,'29B-40572','VIP-20','ACTIVE','2025-04-10 18:28:28','2025-04-10 18:28:28'),(17,'51B-12345','Standard-34','ACTIVE','2025-04-10 18:28:28','2025-04-10 18:28:28'),(18,'51B-12346','Standard-34','ACTIVE','2025-04-10 18:28:28','2025-04-10 18:28:28'),(19,'51B-12347','Standard-34','ACTIVE','2025-04-10 18:28:28','2025-04-10 18:28:28'),(20,'51B-12348','VIP-20','ACTIVE','2025-04-10 18:28:28','2025-04-10 18:28:28'),(21,'51B-12349','VIP-20','ACTIVE','2025-04-10 18:28:28','2025-04-10 18:28:28'),(22,'43A-54321','Standard-34','ACTIVE','2025-04-10 18:28:28','2025-04-10 18:28:28'),(23,'43A-54322','Standard-34','ACTIVE','2025-04-10 18:28:28','2025-04-10 18:28:28'),(24,'43A-54323','Standard-34','ACTIVE','2025-04-10 18:28:28','2025-04-10 18:28:28'),(25,'43A-54324','VIP-20','ACTIVE','2025-04-10 18:28:28','2025-04-10 18:28:28'),(26,'43A-54325','VIP-20','ACTIVE','2025-04-10 18:28:28','2025-04-10 18:28:28'),(27,'43A-54326','VIP-20','ACTIVE','2025-04-10 18:28:28','2025-04-10 18:28:28'),(28,'15C-67890','Standard-34','ACTIVE','2025-04-10 18:28:28','2025-04-10 18:28:28'),(29,'15C-67891','Standard-34','ACTIVE','2025-04-10 18:28:28','2025-04-10 18:28:28'),(30,'15C-67892','Standard-34','ACTIVE','2025-04-10 18:28:28','2025-04-10 18:28:28'),(31,'15C-67893','VIP-20','ACTIVE','2025-04-10 18:28:28','2025-04-10 18:28:28'),(32,'15C-67894','VIP-20','ACTIVE','2025-04-10 18:28:28','2025-04-10 18:28:28'),(33,'15C-67895','VIP-20','ACTIVE','2025-04-10 18:28:28','2025-04-10 18:28:28'),(34,'37B-40567','Standard-34','ACTIVE','2025-04-10 18:28:28','2025-04-10 18:28:28'),(35,'37B-40568','Standard-34','ACTIVE','2025-04-10 18:28:28','2025-04-10 18:28:28'),(36,'37B-40569','Standard-34','ACTIVE','2025-04-10 18:28:28','2025-04-10 18:28:28'),(37,'37B-40570','VIP-20','ACTIVE','2025-04-10 18:28:28','2025-04-10 18:28:28'),(38,'37B-40571','VIP-20','ACTIVE','2025-04-10 18:28:28','2025-04-10 18:28:28'),(39,'37B-40572','VIP-20','ACTIVE','2025-04-10 18:28:28','2025-04-10 18:28:28');
/*!40000 ALTER TABLE `vehicle` ENABLE KEYS */;
UNLOCK TABLES;
/*!40103 SET TIME_ZONE=@OLD_TIME_ZONE */;

/*!40101 SET SQL_MODE=@OLD_SQL_MODE */;
/*!40014 SET FOREIGN_KEY_CHECKS=@OLD_FOREIGN_KEY_CHECKS */;
/*!40014 SET UNIQUE_CHECKS=@OLD_UNIQUE_CHECKS */;
/*!40101 SET CHARACTER_SET_CLIENT=@OLD_CHARACTER_SET_CLIENT */;
/*!40101 SET CHARACTER_SET_RESULTS=@OLD_CHARACTER_SET_RESULTS */;
/*!40101 SET COLLATION_CONNECTION=@OLD_COLLATION_CONNECTION */;
/*!40111 SET SQL_NOTES=@OLD_SQL_NOTES */;

-- Dump completed on 2025-04-10 19:06:42
